-- phpMyAdmin SQL Dump
-- version 4.5.1
-- http://www.phpmyadmin.net
--
-- Host: 127.0.0.1
-- Generation Time: Jul 30, 2016 at 09:15 PM
-- Server version: 10.1.10-MariaDB
-- PHP Version: 5.6.19

SET SQL_MODE = "NO_AUTO_VALUE_ON_ZERO";
SET time_zone = "+00:00";


/*!40101 SET @OLD_CHARACTER_SET_CLIENT=@@CHARACTER_SET_CLIENT */;
/*!40101 SET @OLD_CHARACTER_SET_RESULTS=@@CHARACTER_SET_RESULTS */;
/*!40101 SET @OLD_COLLATION_CONNECTION=@@COLLATION_CONNECTION */;
/*!40101 SET NAMES utf8mb4 */;

--
-- Database: `m026446e`
--

-- --------------------------------------------------------

--
-- Table structure for table `business`
--

CREATE TABLE `business` (
  `business_ID` int(11) NOT NULL,
  `business_name` varchar(150) NOT NULL,
  `business_contact_name` varchar(100) NOT NULL,
  `address_1` varchar(100) NOT NULL,
  `address_2` varchar(100) NOT NULL,
  `city_ID` int(11) NOT NULL,
  `county_ID` int(11) NOT NULL,
  `postcode` varchar(9) NOT NULL,
  `contact_phone_number` varchar(11) NOT NULL,
  `cooperative` tinytext NOT NULL,
  `volunteer` tinytext NOT NULL COMMENT 'Y for Yes, N for No'
) ENGINE=InnoDB DEFAULT CHARSET=latin1;

--
-- Dumping data for table `business`
--

INSERT INTO `business` (`business_ID`, `business_name`, `business_contact_name`, `address_1`, `address_2`, `city_ID`, `county_ID`, `postcode`, `contact_phone_number`, `cooperative`, `volunteer`) VALUES
(1, 'Rydale Roofing Ltd', 'Julie Mirowski', 'Unit 4 Arlington Court', 'Silverdale Enterprise Park', 2, 1, 'ST5 6SL', '01782457648', 'Yes', ''),
(7, 'Soki Ltd', 'Ashley Missin', '258 Orme Road', '', 7, 1, 'ST5 2PB', '07412727070', 'No', 'Y'),
(8, 'Test Business', 'Catherine Nixon', '17 St Patricks Drive', '', 7, 1, 'ST5 2BP', '07847931357', 'Yes', 'Y');

-- --------------------------------------------------------

--
-- Table structure for table `city`
--

CREATE TABLE `city` (
  `city_ID` int(11) NOT NULL,
  `city_name` varchar(50) NOT NULL
) ENGINE=InnoDB DEFAULT CHARSET=latin1;

--
-- Dumping data for table `city`
--

INSERT INTO `city` (`city_ID`, `city_name`) VALUES
(1, 'Knutton'),
(2, 'Silverdale'),
(3, 'Clayton'),
(4, 'Cross Heath'),
(5, 'Chesterton'),
(6, 'Wolstanton'),
(7, 'Newcastle'),
(8, 'Waterhayes'),
(9, 'Keele'),
(10, 'Madeley'),
(11, 'Stoke'),
(12, 'Trent Vale'),
(13, 'Fenton'),
(14, 'Cobridge'),
(15, 'Burslem'),
(16, 'Tunstall'),
(17, 'Middleport'),
(18, 'Bentilee'),
(19, 'Bucknall'),
(20, 'Hanley');

-- --------------------------------------------------------

--
-- Table structure for table `county`
--

CREATE TABLE `county` (
  `county_ID` int(11) NOT NULL,
  `county_name` varchar(50) NOT NULL
) ENGINE=InnoDB DEFAULT CHARSET=latin1;

--
-- Dumping data for table `county`
--

INSERT INTO `county` (`county_ID`, `county_name`) VALUES
(1, 'Staffordshire');

-- --------------------------------------------------------

--
-- Table structure for table `employee`
--

CREATE TABLE `employee` (
  `employee_ID` int(11) NOT NULL,
  `employee_name` varchar(75) NOT NULL,
  `employee_role` varchar(75) NOT NULL
) ENGINE=InnoDB DEFAULT CHARSET=latin1;

--
-- Dumping data for table `employee`
--

INSERT INTO `employee` (`employee_ID`, `employee_name`, `employee_role`) VALUES
(1, 'Stephanie Talbot', 'CEO'),
(2, 'Emily Petts', 'Family Support Director'),
(3, 'Danielle Brown', 'Family Support'),
(4, 'Samantha Warrilow', 'Fundraising Manager'),
(5, 'Danielle Boughey', 'Fundraising Assistant'),
(6, 'Helen Moss', 'Family Support'),
(7, 'Kayla Poole', 'Family Support Manager'),
(8, 'Deb Steele', 'Family Support Volunteer'),
(9, 'Sanjit Galla', 'Fundraising Volunteer'),
(10, 'Nicola French', 'Accounts Assistant');

-- --------------------------------------------------------

--
-- Table structure for table `event`
--

CREATE TABLE `event` (
  `event_ID` int(11) NOT NULL,
  `business_ID` int(11) NOT NULL,
  `event_type_ID` int(11) NOT NULL
) ENGINE=InnoDB DEFAULT CHARSET=latin1;

--
-- Dumping data for table `event`
--

INSERT INTO `event` (`event_ID`, `business_ID`, `event_type_ID`) VALUES
(1, 1, 1),
(3, 7, 2),
(4, 8, 2);

-- --------------------------------------------------------

--
-- Table structure for table `event_type`
--

CREATE TABLE `event_type` (
  `event_type_ID` int(11) NOT NULL,
  `event_type` varchar(100) NOT NULL,
  `employee_ID` int(11) NOT NULL
) ENGINE=InnoDB DEFAULT CHARSET=latin1;

--
-- Dumping data for table `event_type`
--

INSERT INTO `event_type` (`event_type_ID`, `event_type`, `employee_ID`) VALUES
(1, 'Its a Knockout!', 1),
(2, 'Ladys Lunch', 2),
(3, 'Fortunate 500 Lunch 2016', 7);

-- --------------------------------------------------------

--
-- Table structure for table `project`
--

CREATE TABLE `project` (
  `project_ID` int(11) NOT NULL,
  `Project_Name` varchar(50) NOT NULL
) ENGINE=InnoDB DEFAULT CHARSET=latin1;

--
-- Dumping data for table `project`
--

INSERT INTO `project` (`project_ID`, `Project_Name`) VALUES
(1, 'Buckets of Possibilities'),
(2, 'Bump and Beyond'),
(3, 'Home Safety Scheme - (Newcastle)'),
(4, 'Home Safety Scheme - (Stoke-on-Trent)'),
(5, 'Pass It On'),
(6, 'Teenage Kicks'),
(7, 'Little Kindnesses'),
(8, 'Mealtimes Matter');

-- --------------------------------------------------------

--
-- Table structure for table `stock`
--

CREATE TABLE `stock` (
  `stock_ID` int(11) NOT NULL,
  `stock_name` varchar(50) NOT NULL,
  `stock_category` varchar(50) NOT NULL,
  `stock_description` varchar(100) NOT NULL,
  `project_ID` int(11) NOT NULL,
  `donator_name` varchar(75) NOT NULL,
  `donation_allocation` varchar(75) NOT NULL
) ENGINE=InnoDB DEFAULT CHARSET=latin1;

--
-- Dumping data for table `stock`
--

INSERT INTO `stock` (`stock_ID`, `stock_name`, `stock_category`, `stock_description`, `project_ID`, `donator_name`, `donation_allocation`) VALUES
(2, 'Jerry Anderson', 'Johnny Hudson', 'malexander0@msn.com', 5, 'Deborah Fisher', 'Mildred Alexander'),
(3, 'Harry Ray', 'Alice Mendoza', 'mhamilton1@gravatar.com', 5, 'Scott Reid', 'Martha Hamilton'),
(4, 'Julia Long', 'Philip Andrews', 'spalmer2@ask.com', 5, 'Jennifer Duncan', 'Danielle Brown'),
(6, 'Susan Montgomery', 'Kathy Perkins', 'rrobinson4@nsw.gov.au', 6, 'Eric Medina', 'Ronald Robinson'),
(9, 'Debra Phillips', 'Juan Meyer', 'jrice7@edublogs.org', 5, 'Amy Smith', 'Jesse Rice'),
(10, 'Patricia Fernandez', 'Michael Hudson', 'cramirez8@examiner.com', 6, 'Adam Palmer', 'Cynthia Ramirez'),
(11, 'Irene Wagner', 'Juan Baker', 'hburns9@whitehouse.gov', 2, 'Philip Russell', 'Henry Burns'),
(12, 'Martin Lee', 'Anthony White', 'jrussella@jigsy.com', 5, 'Joshua Torres', 'Juan Russell'),
(13, 'David Harris', 'Kenneth Walker', 'jmorganb@sun.com', 5, 'Douglas Bryant', 'Joshua Morgan'),
(14, 'Margaret Price', 'Joseph Jordan', 'bmatthewsc@mozilla.org', 6, 'Wayne Perez', 'Betty Matthews'),
(16, 'Victor Wright', 'Brian Nichols', 'tberrye@lulu.com', 5, 'Timothy Bennett', 'Thomas Berry'),
(17, 'Arthur Watson', 'Philip Garrett', 'fmorrisonf@umich.edu', 3, 'Frank Wallace', 'TBD'),
(18, 'Keith Woods', 'Janet Hicks', 'mgordong@forbes.com', 2, 'Norma Long', 'Mildred Gordon'),
(19, 'Paul Perez', 'Beverly Lee', 'jmatthewsh@google.fr', 2, 'Jerry King', 'Julia Matthews'),
(20, 'Terry Robinson', 'Charles Torres', 'jfoxi@sciencedirect.com', 6, 'Timothy Johnson', 'Jimmy Fox'),
(21, 'Judy Castillo', 'Kathleen Jenkins', 'afisherj@diigo.com', 3, 'Kathryn Little', 'Anne Fisher'),
(22, 'Carolyn Johnson', 'Willie Nelson', 'rhernandezk@kickstarter.com', 5, 'George Rodriguez', 'Roger Hernandez'),
(23, 'Laura Collins', 'Randy Ruiz', 'jkiml@mlb.com', 2, 'Donna Austin', 'Judy Kim'),
(24, 'Harry Lawson', 'Cynthia Coleman', 'vharveym@addtoany.com', 6, 'Gary Bowman', 'Victor Harvey'),
(25, 'Evelyn Fowler', 'Paula Bailey', 'jfraziern@home.pl', 6, 'Charles Collins', 'Johnny Frazier'),
(27, 'Ruth Lynch', 'Harold Rice', 'mfergusonp@newyorker.com', 3, 'Phillip Kelly', 'Michael Ferguson'),
(28, 'Judith Schmidt', 'Heather Freeman', 'ljohnstonq@360.cn', 3, 'Ronald Stanley', 'Lisa Johnston'),
(29, 'Roy Rodriguez', 'Jason Shaw', 'clittler@oaic.gov.au', 3, 'Norma Harris', 'Christina Little'),
(30, 'Eugene Freeman', 'Juan Hunter', 'hmillss@rambler.ru', 2, 'Mildred Romero', 'Harold Mills'),
(31, 'Amanda Bryant', 'Mary Reynolds', 'ashawt@mayoclinic.com', 4, 'Martin Phillips', 'Arthur Shaw'),
(32, 'Steven Gonzalez', 'Harry Roberts', 'ccollinsu@dion.ne.jp', 6, 'Elizabeth Wagner', 'Carolyn Collins'),
(35, 'Chris Allen', 'Frank Brooks', 'rreidx@usa.gov', 6, 'Terry Parker', 'Ralph Reid'),
(37, 'Joe Lawrence', 'Michael Carpenter', 'ebowmanz@hexun.com', 4, 'Christina Flores', 'Ernest Bowman'),
(38, 'Ruth Webb', 'Kevin Hamilton', 'mgrant10@slate.com', 6, 'Sandra Hamilton', 'Margaret Grant'),
(39, 'William Boyd', 'Christine Hanson', 'cfreeman11@uol.com.br', 3, 'Kevin Carroll', 'Craig Freeman'),
(40, 'Justin Alexander', 'Alice Spencer', 'jhamilton12@va.gov', 3, 'Susan Harvey', 'Jason Hamilton'),
(41, 'Antonio Johnston', 'Karen Tucker', 'kcoleman13@wix.com', 2, 'Steve Butler', 'Kathy Coleman'),
(42, 'Harold Crawford', 'Ruth Bryant', 'jpatterson14@illinois.edu', 3, 'Margaret Spencer', 'Jesse Patterson'),
(43, 'Sarah Wright', 'Amy George', 'maustin15@china.com.cn', 2, 'Diana Morales', 'Mark Austin'),
(44, 'Theresa Reynolds', 'Ann Hill', 'kramos16@yellowbook.com', 2, 'Sean Wood', 'Karen Ramos'),
(46, 'Kathy Vasquez', 'Robert Burns', 'jfuller18@cdbaby.com', 5, 'Debra Martin', 'Justin Fuller'),
(47, 'Alice Anderson', 'Mildred Campbell', 'kpayne19@un.org', 3, 'Fred Bell', 'Kathy Payne'),
(48, 'Scott Schmidt', 'Rachel Hernandez', 'srose1a@so-net.ne.jp', 5, 'Jessica Simmons', 'Stephen Rose'),
(49, 'Lori Diaz', 'Carlos Mitchell', 'sfisher1b@hatena.ne.jp', 4, 'Brandon Fisher', 'Danielle Brown'),
(50, 'Phyllis Bryant', 'Sarah Kelly', 'brice1c@trellian.com', 5, 'Tammy Nichols', 'Brian Rice'),
(51, 'Christopher Russell', 'Howard Payne', 'jwilson1d@etsy.com', 3, 'Arthur Howard', 'Janice Wilson'),
(52, 'Shawn Harvey', 'Marie Moore', 'vmurphy1e@admin.ch', 5, 'Bruce Carr', 'Virginia Murphy'),
(53, 'Cheryl Lawrence', 'Edward Howard', 'egrant1f@delicious.com', 2, 'Stephanie Carr', 'Eugene Grant'),
(54, 'Angela Wright', 'Anna Perkins', 'kshaw1g@friendfeed.com', 6, 'Stephanie Little', 'Kimberly Shaw'),
(55, 'Christine Dunn', 'Ronald Frazier', 'rhughes1h@github.com', 6, 'Chris Mcdonald', 'Robert Hughes'),
(56, 'Sean Burns', 'Joe Sullivan', 'pcox1i@state.gov', 2, 'Pamela Bowman', 'Philip Cox'),
(57, 'Joseph Powell', 'Michelle Hamilton', 'lperry1j@msn.com', 2, 'Howard Peterson', 'Lillian Perry'),
(58, 'Barbara Murray', 'Jimmy Mitchell', 'lsimmons1k@youku.com', 2, 'Harold Alvarez', 'Louis Simmons'),
(60, 'Frank Lynch', 'Donna Walker', 'cnguyen1m@homestead.com', 3, 'Jason Rogers', 'Carlos Nguyen'),
(61, 'Tammy Ford', 'Fred Gutierrez', 'dbishop1n@huffingtonpost.com', 5, 'Deborah King', 'Diana Bishop'),
(62, 'Michelle Gray', 'Gregory Young', 'mruiz1o@blogspot.com', 6, 'Julia Meyer', 'Marie Ruiz'),
(63, 'Lawrence Payne', 'Virginia Dixon', 'jyoung1p@ed.gov', 4, 'Paul Fowler', 'Joe Young'),
(64, 'Edward Porter', 'Anthony Howard', 'rgarcia1q@blog.com', 6, 'Mary Nelson', 'Ralph Garcia'),
(65, 'William Carroll', 'Amanda Frazier', 'csimmons1r@chron.com', 2, 'Martha Kim', 'Catherine Simmons'),
(66, 'Carol Wilson', 'Amy Moreno', 'bscott1s@ibm.com', 6, 'Keith Gonzalez', 'Brenda Scott'),
(67, 'Julia Knight', 'Eric Russell', 'dlong1t@vk.com', 5, 'Sean Weaver', 'Debra Long'),
(68, 'Dorothy Hunter', 'Willie Stevens', 'emartin1u@slate.com', 2, 'Sean Hudson', 'Elizabeth Martin'),
(69, 'Doris Fowler', 'Alan Owens', 'rstone1v@bing.com', 3, 'Jack Hanson', 'Rebecca Stone'),
(70, 'Justin Reynolds', 'Ralph Shaw', 'myoung1w@wufoo.com', 2, 'Carl Matthews', 'Margaret Young'),
(71, 'Lois Edwards', 'Catherine Stevens', 'calvarez1x@blogger.com', 3, 'Paula Frazier', 'Carolyn Alvarez'),
(72, 'Joan Morris', 'Harold Harris', 'briley1y@wordpress.com', 4, 'Joe Sanders', 'Betty Riley'),
(74, 'Janet Hudson', 'Scott Mills', 'dprice20@chronoengine.com', 5, 'Raymond Morales', 'Diana Price'),
(75, 'Kenneth Ford', 'Paul Price', 'khunter21@google.pl', 2, 'Alan Holmes', 'Keith Hunter'),
(76, 'Lawrence Ruiz', 'Stephanie Cunningham', 'blarson22@wp.com', 6, 'Dennis Mccoy', 'Beverly Larson'),
(77, 'Shirley Jenkins', 'Lois Cruz', 'efranklin23@nhs.uk', 2, 'Irene Brooks', 'Elizabeth Franklin'),
(78, 'Anthony Brown', 'James Gray', 'agreen24@bigcartel.com', 5, 'Shirley Howard', 'Andrea Green'),
(79, 'Anne Day', 'Paul Hill', 'vgonzalez25@domainmarket.com', 3, 'Wayne Martin', 'Victor Gonzalez'),
(80, 'Alan Dunn', 'Roy Rose', 'dmorales26@paypal.com', 2, 'Benjamin Henry', 'Daniel Morales'),
(81, 'Deborah Black', 'Stephen Reyes', 'jturner27@oracle.com', 2, 'Marie Fowler', 'Judy Turner'),
(82, 'Shirley Stephens', 'Rachel West', 'ngutierrez28@weibo.com', 4, 'Diane Garza', 'Norma Gutierrez'),
(83, 'Matthew Burke', 'Justin Little', 'sreyes29@ovh.net', 5, 'Irene Nguyen', 'Susan Reyes'),
(84, 'Jimmy Ramirez', 'Deborah Andrews', 'cmason2a@examiner.com', 2, 'Carlos Flores', 'Carlos Mason'),
(86, 'Carol Reyes', 'Michelle Bell', 'jruiz2c@amazon.co.uk', 4, 'Ruth Pierce', 'Jason Ruiz'),
(87, 'Eric Dixon', 'Phyllis Williams', 'jfox2d@comsenz.com', 6, 'Annie Thompson', 'Jack Fox'),
(88, 'Carol Ortiz', 'Paula Jenkins', 'fwashington2e@a8.net', 5, 'Amanda Garrett', 'Frances Washington'),
(89, 'Jennifer Patterson', 'Brenda Willis', 'hdiaz2f@de.vu', 3, 'Brandon Montgomery', 'Harold Diaz'),
(90, 'Donna Alvarez', 'Scott Robinson', 'rlittle2g@usa.gov', 4, 'Gerald Lee', 'Rose Little'),
(91, 'Jane Washington', 'Joseph Chapman', 'felliott2h@deliciousdays.com', 3, 'Justin Knight', 'Frank Elliott'),
(92, 'Nancy Howell', 'Christina Hansen', 'jwebb2i@globo.com', 5, 'Theresa Peters', 'John Webb'),
(93, 'Julia Reid', 'Robert Murphy', 'kwelch2j@etsy.com', 5, 'Melissa Williams', 'Kenneth Welch'),
(94, 'Antonio Schmidt', 'Jean Riley', 'hray2k@scientificamerican.com', 5, 'Patricia George', 'Henry Ray'),
(95, 'Betty Wilson', 'Carl Wagner', 'cmontgomery2l@nba.com', 3, 'Jane Edwards', 'Chris Montgomery'),
(96, 'Teresa Cox', 'Patrick Parker', 'cpayne2m@mlb.com', 5, 'Angela Dean', 'Carol Payne'),
(97, 'Joshua Scott', 'Jeremy Flores', 'jpatterson2n@gnu.org', 4, 'Chris Washington', 'Jason Patterson'),
(98, 'Harold Lopez', 'Pamela Moreno', 'esimmons2o@hc360.com', 6, 'Douglas Alexander', 'Elizabeth Simmons'),
(99, 'Joshua Montgomery', 'Maria Roberts', 'smurphy2p@flavors.me', 2, 'Ann Turner', 'Stephanie Murphy'),
(100, 'Adam Boyd', 'Stephanie Reyes', 'agarza2q@nih.gov', 5, 'Gregory Lane', 'Amanda Garza'),
(101, 'Dorothy Stewart', 'Joe Murphy', 'selliott2r@loc.gov', 2, 'Jonathan Williamson', 'Stephen Elliott'),
(102, 'William Duncan', 'Howard Watson', 'wwallace2s@paypal.com', 2, 'Emily White', 'Walter Wallace'),
(103, 'Ralph Chapman', 'Paul Romero', 'jbradley2t@1und1.de', 6, 'Jeremy Baker', 'Janet Bradley'),
(105, 'Norma Cook', 'Anna Ruiz', 'ppayne2v@behance.net', 5, 'Melissa Carr', 'Patrick Payne'),
(106, 'Wanda Stevens', 'Harry Warren', 'tgreene2w@redcross.org', 2, 'Raymond Perry', 'Theresa Greene'),
(107, 'Melissa Austin', 'Raymond Jackson', 'dharris2x@quantcast.com', 3, 'Tammy Kim', 'Debra Harris'),
(108, 'Jesse Thomas', 'Lillian Bryant', 'lelliott2y@accuweather.com', 6, 'Amy Mcdonald', 'Lillian Elliott'),
(109, 'Kathryn Wells', 'Helen Washington', 'bcarpenter2z@amazonaws.com', 6, 'Raymond Carter', 'Bobby Carpenter'),
(110, 'Roger Oliver', 'Judy Fuller', 'tferguson30@dmoz.org', 2, 'Evelyn Moore', 'Tammy Ferguson'),
(111, 'Helen Fowler', 'Katherine Rivera', 'jlewis31@discuz.net', 5, 'Robin Holmes', 'Jeffrey Lewis'),
(112, 'Jeremy Wright', 'Howard Myers', 'blee32@cnet.com', 3, 'Louis Little', 'Brian Lee'),
(113, 'Paula Anderson', 'Ronald Wallace', 'cburke33@sourceforge.net', 4, 'Ruth Austin', 'Carlos Burke'),
(114, 'Joshua Stewart', 'Ronald Diaz', 'bbailey34@epa.gov', 3, 'Steve Hart', 'Billy Bailey'),
(115, 'Pamela Payne', 'Lisa Warren', 'awheeler35@myspace.com', 3, 'Antonio Ferguson', 'Annie Wheeler'),
(116, 'Phil Taylor', 'Joyce Sanders', 'mwagner36@over-blog.com', 1, 'Michael Price', 'Mildred Wagner'),
(117, 'Roger Owens', 'Margaret Oliver', 'rramirez37@fotki.com', 1, 'Rebecca Lopez', 'Rebecca Ramirez'),
(118, 'Cynthia Smith', 'Helen Ramos', 'bhamilton38@icq.com', 1, 'Pamela Martin', 'Betty Hamilton'),
(119, 'Rose Stevens', 'Barbara Holmes', 'gmeyer39@nifty.com', 2, 'Roger Mitchell', 'Gerald Meyer'),
(120, 'Kathryn Lewis', 'Jeffrey Gutierrez', 'awallace3a@myspace.com', 5, 'Laura Gardner', 'Amanda Wallace'),
(121, 'Virginia Howell', 'Jimmy Sanchez', 'lstone3b@bravesites.com', 4, 'Ernest Bradley', 'Linda Stone'),
(122, 'Susan Kelley', 'Lois Welch', 'cjohnson3c@netlog.com', 3, 'Thomas Shaw', 'Charles Johnson'),
(123, 'Stephen King', 'Maria Rose', 'khenry3d@cnet.com', 4, 'Ernest Woods', 'Kathryn Henry'),
(124, 'Jerry Kennedy', 'Teresa Kelly', 'ccarroll3e@yolasite.com', 2, 'Angela Diaz', 'Chris Carroll'),
(125, 'Tina Warren', 'Benjamin Thomas', 'swillis3f@goodreads.com', 2, 'Harold Butler', 'Sean Willis'),
(126, 'Timothy Stevens', 'Lori Flores', 'jgonzales3g@deviantart.com', 6, 'Matthew Duncan', 'Jeffrey Gonzales'),
(127, 'Mary Murphy', 'Joyce Spencer', 'lblack3h@mapy.cz', 3, 'Lillian Stone', 'Laura Black'),
(128, 'Joyce Duncan', 'Benjamin Elliott', 'lreyes3i@alexa.com', 5, 'Paula Boyd', 'Lawrence Reyes'),
(129, 'Tammy Bishop', 'Keith Jenkins', 'eweaver3j@berkeley.edu', 3, 'Debra Hawkins', 'Elizabeth Weaver'),
(130, 'Kelly Jenkins', 'Ralph Chavez', 'tlarson3k@yolasite.com', 1, 'Pamela Bell', 'Terry Larson'),
(131, 'Clarence Ellis', 'Juan Moore', 'jmurray3l@marriott.com', 5, 'Ernest Nichols', 'Johnny Murray'),
(132, 'John James', 'Diana Morales', 'mross3m@gnu.org', 2, 'Terry Johnson', 'Mary Ross'),
(133, 'Terry Rivera', 'Jimmy Hunt', 'smoore3n@artisteer.com', 1, 'Louise Mills', 'Stephen Moore'),
(134, 'Janice Ryan', 'Michelle Griffin', 'cward3o@yahoo.co.jp', 3, 'Denise White', 'Carolyn Ward'),
(135, 'Katherine Simpson', 'Eric Hughes', 'rmurphy3p@miitbeian.gov.cn', 2, 'Julie Chapman', 'Ronald Murphy'),
(136, 'Johnny Reid', 'Larry White', 'jmitchell3q@netlog.com', 2, 'Paul Daniels', 'Jerry Mitchell'),
(137, 'Marie Wells', 'Craig Watson', 'dcollins3r@imdb.com', 1, 'Dorothy Ford', 'Daniel Collins'),
(138, 'Brenda Hamilton', 'Bonnie Nelson', 'ehernandez3s@eepurl.com', 3, 'Annie Andrews', 'Edward Hernandez'),
(139, 'Jean Alexander', 'Richard Richards', 'dsanchez3t@engadget.com', 1, 'Amanda Mitchell', 'Diana Sanchez'),
(140, 'George Simpson', 'Sara Vasquez', 'alynch3u@barnesandnoble.com', 5, 'Julie Adams', 'Angela Lynch'),
(141, 'Joe Garza', 'Karen Hamilton', 'jflores3v@feedburner.com', 6, 'Willie Mills', 'Jose Flores'),
(142, 'Rose Lewis', 'Andrea Barnes', 'adaniels3w@naver.com', 4, 'Joyce Ward', 'Anne Daniels'),
(143, 'Christine Williamson', 'Fred Martin', 'hellis3x@aol.com', 1, 'Peter Marshall', 'Harry Ellis'),
(144, 'Mildred Rice', 'Philip Gray', 'cgilbert3y@histats.com', 4, 'Sharon Barnes', 'Carol Gilbert'),
(145, 'Jason Rice', 'Wayne Hart', 'bmiller3z@nyu.edu', 1, 'Harry Frazier', 'Betty Miller'),
(146, 'Amy Howell', 'Nicholas Cunningham', 'wbailey40@comsenz.com', 4, 'Katherine Bishop', 'Willie Bailey'),
(147, 'Irene Hawkins', 'Gary Webb', 'sfox41@ed.gov', 1, 'Virginia Sanchez', 'Stephen Fox'),
(148, 'Kathy Franklin', 'Scott Dunn', 'wmcdonald42@europa.eu', 1, 'Adam Matthews', 'William Mcdonald'),
(149, 'Roger Thompson', 'Sara Dunn', 'kcarroll43@loc.gov', 5, 'Jose Simmons', 'Kathy Carroll'),
(150, 'Ryan Austin', 'Justin Price', 'amarshall44@nature.com', 1, 'Robin White', 'Anthony Marshall'),
(151, 'Evelyn Sanchez', 'Kelly Brown', 'scook45@tamu.edu', 3, 'Deborah Black', 'Susan Cook'),
(152, 'Kenneth Morris', 'Thomas Dean', 'lhicks46@bluehost.com', 5, 'Deborah Mcdonald', 'Lillian Hicks'),
(153, 'Andrea Bradley', 'Angela Hawkins', 'etucker47@auda.org.au', 2, 'Jerry Ray', 'Ernest Tucker'),
(154, 'Bonnie Hawkins', 'Keith Phillips', 'jwagner48@yellowpages.com', 3, 'Rebecca Thompson', 'Julia Wagner'),
(155, 'Chris Taylor', 'Ralph Schmidt', 'bflores49@parallels.com', 2, 'Debra Harvey', 'Billy Flores'),
(156, 'Christopher Frazier', 'Lisa Mills', 'klane4a@wikipedia.org', 2, 'Andrew Payne', 'Kevin Lane'),
(157, 'Wayne Alexander', 'Nicholas Hughes', 'kwhite4b@omniture.com', 6, 'Anthony Miller', 'Kelly White'),
(158, 'Eric Harper', 'Nicole Adams', 'rrichardson4c@smugmug.com', 6, 'Jimmy Kelly', 'Roger Richardson'),
(159, 'Charles Long', 'Willie Flores', 'ganderson4d@techcrunch.com', 5, 'Adam Dixon', 'Gary Anderson'),
(160, 'Heather Peterson', 'Kevin Powell', 'awelch4e@vistaprint.com', 4, 'Susan Wells', 'Alan Welch'),
(161, 'Jason Phillips', 'Rachel Bishop', 'cdixon4f@dmoz.org', 3, 'Ralph Mason', 'Cheryl Dixon'),
(162, 'Carl Chapman', 'Alice Hansen', 'jjohnston4g@furl.net', 1, 'Billy Daniels', 'Jane Johnston'),
(163, 'Barbara West', 'Carol Sanchez', 'rstephens4h@symantec.com', 6, 'Kenneth Payne', 'Robert Stephens'),
(164, 'Diane Patterson', 'Donald Porter', 'jwalker4i@apache.org', 5, 'Christina Porter', 'Joan Walker'),
(165, 'Mildred Sanders', 'Debra White', 'scole4j@stanford.edu', 4, 'Larry James', 'Sandra Cole'),
(166, 'Kathy Cox', 'Karen Wood', 'acarter4k@wikispaces.com', 1, 'Marie Henry', 'Anna Carter'),
(167, 'Brian Stewart', 'Cheryl Oliver', 'hnichols4l@go.com', 6, 'Gregory Edwards', 'Heather Nichols'),
(168, 'Justin Peterson', 'Douglas Mitchell', 'mlynch4m@guardian.co.uk', 1, 'Ashley Bryant', 'Melissa Lynch'),
(169, 'Martha Sullivan', 'Marie Clark', 'rgray4n@bizjournals.com', 4, 'Betty Watkins', 'Rebecca Gray'),
(170, 'Joseph Hamilton', 'Andrew Mason', 'rporter4o@bbb.org', 1, 'Kelly Brooks', 'Roy Porter'),
(171, 'Bobby Austin', 'Victor Watson', 'bking4p@prnewswire.com', 6, 'Judy Burton', 'Beverly King'),
(172, 'David Washington', 'Douglas Perkins', 'pramos4q@reddit.com', 3, 'Antonio James', 'Philip Ramos'),
(173, 'Jacqueline Bowman', 'Gerald Henderson', 'klane4r@omniture.com', 6, 'Wayne Lawrence', 'Karen Lane'),
(174, 'Donald Peterson', 'Eugene Cook', 'mwagner4s@intel.com', 1, 'Robin Armstrong', 'Mark Wagner'),
(175, 'Jose Gibson', 'Janice Elliott', 'jcarpenter4t@slashdot.org', 3, 'Irene Foster', 'John Carpenter'),
(176, 'Tina Ramirez', 'Walter Mccoy', 'thughes4u@imageshack.us', 3, 'Adam Austin', 'Teresa Hughes'),
(177, 'Ernest Jackson', 'Lois Alexander', 'rpeterson4v@fastcompany.com', 5, 'Walter Stephens', 'Ruth Peterson'),
(178, 'William Kelly', 'Martha Hawkins', 'bstewart4w@tinyurl.com', 1, 'Louise Phillips', 'Brian Stewart'),
(179, 'Adam Phillips', 'Jimmy Stewart', 'kelliott4x@psu.edu', 2, 'Joan Grant', 'Karen Elliott'),
(180, 'Alice Harrison', 'Joe Wallace', 'jjenkins4y@friendfeed.com', 3, 'Fred Turner', 'James Jenkins'),
(181, 'Samuel Ward', 'William Alvarez', 'hmason4z@wix.com', 3, 'Karen Ford', 'Harry Mason'),
(182, 'Nicole Wheeler', 'Kelly Nguyen', 'sgriffin50@pbs.org', 1, 'James Henderson', 'Shirley Griffin'),
(183, 'Christine Johnston', 'Lisa Dean', 'mbrown51@webmd.com', 6, 'Carolyn Boyd', 'Maria Brown'),
(184, 'Carlos Ryan', 'Ruby Kelley', 'lspencer52@stanford.edu', 5, 'Brenda Davis', 'Laura Spencer'),
(185, 'Marilyn Patterson', 'Chris Carroll', 'jmiller53@theglobeandmail.com', 6, 'Walter Murray', 'Jean Miller'),
(186, 'Stephanie Lynch', 'Rose Webb', 'dramos54@last.fm', 1, 'Jesse Stanley', 'Dorothy Ramos'),
(187, 'Keith Snyder', 'Chris Riley', 'dcook55@businessinsider.com', 4, 'William Foster', 'Diane Cook'),
(188, 'Thomas Cook', 'Sara Perez', 'jgraham56@cdc.gov', 3, 'Craig Hernandez', 'Justin Graham'),
(189, 'Patricia Martin', 'Fred Alvarez', 'ggrant57@cnet.com', 4, 'Richard Matthews', 'Gloria Grant'),
(190, 'Carl Harrison', 'Larry Harrison', 'sadams58@etsy.com', 3, 'Katherine Austin', 'Samuel Adams'),
(191, 'Doris Morales', 'Ashley Ray', 'mstevens59@devhub.com', 1, 'Gloria Black', 'Maria Stevens'),
(192, 'Paul Matthews', 'Sandra Freeman', 'bmurphy5a@geocities.com', 6, 'Debra Gilbert', 'Benjamin Murphy'),
(193, 'Walter Ferguson', 'Anthony Stewart', 'jstanley5b@furl.net', 6, 'Christine Gonzalez', 'Joyce Stanley'),
(194, 'Benjamin Morgan', 'Terry Wallace', 'aspencer5c@cbslocal.com', 6, 'Lisa Meyer', 'Aaron Spencer'),
(195, 'Jerry Dunn', 'Jennifer Rogers', 'mortiz5d@army.mil', 2, 'Bonnie Castillo', 'Marilyn Ortiz'),
(196, 'Ashley Taylor', 'Virginia Franklin', 'dwilliamson5e@w3.org', 2, 'Frank Williams', 'Debra Williamson'),
(197, 'Philip Ford', 'Carolyn James', 'phowell5f@webs.com', 5, 'Brandon Burke', 'Paul Howell'),
(198, 'Raymond Gonzales', 'Jimmy Ramos', 'ascott5g@squarespace.com', 1, 'Richard Jacobs', 'Alan Scott'),
(199, 'Fred Walker', 'Christina Garcia', 'mparker5h@yolasite.com', 5, 'Dorothy Hansen', 'Matthew Parker'),
(200, 'Mary Williams', 'Emily Miller', 'llong5i@phoca.cz', 6, 'Thomas White', 'Lillian Long'),
(201, 'Daniel Perry', 'Jason Cooper', 'jhudson5j@abc.net.au', 5, 'Christine Matthews', 'Jack Hudson'),
(202, 'Lillian Ryan', 'Carlos Williams', 'cwagner5k@prlog.org', 1, 'Justin Banks', 'Chris Wagner'),
(203, 'Mary Russell', 'Carolyn Bishop', 'kferguson5l@hubpages.com', 3, 'Johnny Garza', 'Karen Ferguson'),
(204, 'Christina Butler', 'Jennifer Moore', 'mcunningham5m@hud.gov', 3, 'Jonathan Morrison', 'Mark Cunningham'),
(205, 'Evelyn Meyer', 'Jonathan Romero', 'croberts5n@about.me', 2, 'Rachel Hicks', 'Charles Roberts'),
(206, 'Samuel Kelley', 'Gary Payne', 'falvarez5o@thetimes.co.uk', 4, 'Sean Mason', 'Fred Alvarez'),
(207, 'Joan Morris', 'Sara Holmes', 'hray5p@tripadvisor.com', 4, 'Mary Alvarez', 'Harry Ray'),
(208, 'Linda Simpson', 'Christopher Snyder', 'mcoleman5q@amazon.co.jp', 3, 'Joe Rice', 'Melissa Coleman'),
(209, 'Scott Hughes', 'Patricia Burns', 'jhayes5r@elpais.com', 2, 'Theresa White', 'Juan Hayes'),
(210, 'Peter George', 'Larry Fernandez', 'vshaw5s@smh.com.au', 5, 'Janice Meyer', 'Virginia Shaw'),
(211, 'Harry Ferguson', 'Randy Washington', 'bbrown5t@google.pl', 5, 'Bobby Hansen', 'Bonnie Brown'),
(212, 'Philip Ruiz', 'Emily Warren', 'dphillips5u@netvibes.com', 1, 'Roger Stewart', 'Douglas Phillips'),
(213, 'Gloria Burns', 'Lillian Mason', 'jhart5v@apple.com', 4, 'Martin Crawford', 'Jeremy Hart'),
(214, 'Judy Nichols', 'Jimmy Hawkins', 'rrogers5w@bloglines.com', 1, 'Nicholas Grant', 'Roger Rogers'),
(215, 'Harold Wells', 'Kenneth Gibson', 'dharrison5x@tripadvisor.com', 3, 'Paul Burns', 'David Harrison'),
(216, 'Gloria Lane', 'Kelly Morrison', 'jstone5y@goo.gl', 5, 'Terry Wilson', 'Justin Stone'),
(217, 'Brandon Moreno', 'Heather Rivera', 'jharris5z@eepurl.com', 6, 'Terry Oliver', 'Johnny Harris'),
(218, 'Virginia Fuller', 'Andrew Hawkins', 'athompson60@mashable.com', 4, 'Benjamin Hudson', 'Amanda Thompson'),
(219, 'Phillip Little', 'Jacqueline Lynch', 'bowens61@google.nl', 1, 'Kathleen Cole', 'Billy Owens'),
(220, 'Richard Carpenter', 'Anne Morales', 'jhudson62@list-manage.com', 4, 'Dorothy Palmer', 'Johnny Hudson'),
(221, 'Donna Wheeler', 'Joyce Martinez', 'ppowell63@prlog.org', 6, 'Virginia Gutierrez', 'Paula Powell'),
(222, 'Russell Jenkins', 'Joshua Woods', 'jharrison64@mapy.cz', 4, 'Katherine Rivera', 'Jessica Harrison'),
(223, 'Karen Andrews', 'Ronald Cunningham', 'rflores65@virginia.edu', 4, 'Stephanie Lawson', 'Russell Flores'),
(224, 'Chris West', 'Christina Black', 'rjones66@ovh.net', 5, 'Steven Morgan', 'Randy Jones'),
(225, 'Alan Stone', 'Ann Mendoza', 'njohnston67@networksolutions.com', 1, 'Christopher Torres', 'Nancy Johnston'),
(226, 'Sara Payne', 'Maria Weaver', 'emendoza68@macromedia.com', 4, 'Clarence Williamson', 'Evelyn Mendoza'),
(227, 'Todd Fields', 'Phyllis Grant', 'eking69@statcounter.com', 4, 'Daniel Kelley', 'Edward King'),
(228, 'Joyce Long', 'Terry Thomas', 'hhowell6a@java.com', 5, 'Ann Daniels', 'Henry Howell'),
(229, 'Denise Lewis', 'Susan Mills', 'mmoore6b@irs.gov', 2, 'Anna Crawford', 'Marilyn Moore'),
(230, 'Maria Hanson', 'Ruby Morrison', 'kjackson6c@ehow.com', 3, 'Laura Foster', 'Kathy Jackson'),
(231, 'Bobby Hernandez', 'James Martinez', 'bwilliams6d@woothemes.com', 2, 'Martin Snyder', 'Bruce Williams'),
(232, 'Walter Robertson', 'Chris Wilson', 'sjacobs6e@smugmug.com', 2, 'Jose Wright', 'Steven Jacobs'),
(233, 'Paula Gray', 'Kathleen Taylor', 'balvarez6f@tiny.cc', 6, 'Virginia King', 'Benjamin Alvarez'),
(234, 'Keith Watson', 'Ernest Jones', 'kortiz6g@netvibes.com', 1, 'Brian Perkins', 'Kathleen Ortiz'),
(235, 'Wayne Mendoza', 'Marie White', 'ctaylor6h@live.com', 2, 'Diana Hamilton', 'Christine Taylor'),
(236, 'Christine Andrews', 'Lori Bennett', 'pwagner6i@marriott.com', 3, 'Anthony Dean', 'Peter Wagner'),
(237, 'Maria Hanson', 'Mildred Webb', 'clittle6j@ucoz.ru', 4, 'Pamela Johnson', 'Carl Little'),
(238, 'Willie Matthews', 'Nancy Thompson', 'mwarren6k@indiegogo.com', 5, 'Jesse Taylor', 'Mark Warren'),
(239, 'Henry Hansen', 'Maria Rivera', 'rcarr6l@goo.gl', 6, 'Joshua Hall', 'Ronald Carr'),
(240, 'Virginia Stone', 'Peter Kelly', 'msmith6m@vistaprint.com', 6, 'Kenneth Cruz', 'Maria Smith'),
(241, 'Christina George', 'Ryan Ramirez', 'lbennett6n@washingtonpost.com', 4, 'Julia Black', 'Lillian Bennett'),
(242, 'Howard Carpenter', 'Sandra Hart', 'pduncan6o@ustream.tv', 6, 'Lillian Ward', 'Paula Duncan'),
(243, 'Timothy Gomez', 'Brenda Hudson', 'ehill6p@go.com', 5, 'Denise Carpenter', 'Evelyn Hill'),
(244, 'William Adams', 'Nancy Ferguson', 'jstanley6q@deliciousdays.com', 2, 'Mary Martinez', 'Jane Stanley'),
(245, 'Heather Howard', 'Phillip Cruz', 'jcox6r@china.com.cn', 4, 'Janet Ross', 'Jimmy Cox'),
(246, 'Sarah Dunn', 'Lillian King', 'lfranklin6s@addtoany.com', 6, 'Peter Hamilton', 'Laura Franklin'),
(247, 'Todd Reid', 'Russell Larson', 'sfox6t@mayoclinic.com', 3, 'Jeffrey Payne', 'Samuel Fox'),
(248, 'Randy Mcdonald', 'Susan Snyder', 'dburke6u@addtoany.com', 4, 'Russell Reed', 'Dorothy Burke'),
(249, 'Daniel Nichols', 'Edward Long', 'lgarza6v@economist.com', 5, 'Teresa Bowman', 'Lisa Garza'),
(250, 'David Rodriguez', 'Paula Clark', 'waustin6w@prweb.com', 4, 'Ashley Moore', 'Willie Austin'),
(251, 'Gerald Bell', 'Ruth Rose', 'aweaver6x@businessweek.com', 5, 'Patrick Bennett', 'Angela Weaver'),
(252, 'Jerry Martinez', 'Alan Porter', 'sburton6y@netscape.com', 4, 'Terry Robertson', 'Sarah Burton'),
(253, 'Julie Bailey', 'Kathy Austin', 'bcook6z@netlog.com', 5, 'Roger Nichols', 'Bonnie Cook'),
(254, 'Doris Hansen', 'Amy Graham', 'calvarez70@blog.com', 6, 'Judy Flores', 'Clarence Alvarez'),
(255, 'Norma Perez', 'Judy Diaz', 'ecruz71@feedburner.com', 1, 'Ruth Williamson', 'Eric Cruz'),
(256, 'Brenda Nguyen', 'Billy Freeman', 'wwallace72@shutterfly.com', 2, 'Anna Foster', 'Walter Wallace'),
(257, 'Betty Castillo', 'Alan Austin', 'scruz73@topsy.com', 3, 'Jason Hunter', 'Stephanie Cruz'),
(258, 'Victor Morgan', 'Cheryl Olson', 'gberry74@walmart.com', 3, 'Ruth Rose', 'Gary Berry'),
(259, 'Judy Gilbert', 'Bobby Hernandez', 'dspencer75@wisc.edu', 6, 'Heather King', 'Diane Spencer'),
(260, 'Kevin Sanchez', 'Richard Cook', 'pharvey76@tinypic.com', 2, 'George Kelley', 'Phyllis Harvey'),
(261, 'Frank Fernandez', 'Debra Hicks', 'lclark77@addtoany.com', 5, 'Donna Harper', 'Lois Clark'),
(262, 'John Stevens', 'Albert Nguyen', 'bmarshall78@redcross.org', 4, 'Ernest Miller', 'Beverly Marshall'),
(263, 'Jason Perkins', 'Justin Jones', 'sroberts79@sourceforge.net', 1, 'Rebecca Meyer', 'Sean Roberts'),
(264, 'Raymond Henry', 'Eric Murray', 'bowens7a@ustream.tv', 5, 'Timothy Andrews', 'Bobby Owens'),
(265, 'Pamela Montgomery', 'Daniel Gutierrez', 'nthomas7b@imageshack.us', 6, 'Brenda Wallace', 'Nicole Thomas'),
(266, 'Kevin Jackson', 'Steven Little', 'gbell7c@printfriendly.com', 2, 'Robin Sanders', 'Gerald Bell'),
(267, 'Judy Russell', 'Richard Harvey', 'dwilliams7d@51.la', 5, 'Betty Jordan', 'Dorothy Williams'),
(268, 'Cynthia Scott', 'Joan Mendoza', 'jchavez7e@statcounter.com', 1, 'Jean Cunningham', 'Juan Chavez'),
(269, 'Henry Lawrence', 'Norma Patterson', 'jowens7f@admin.ch', 4, 'Jason Lewis', 'Jean Owens'),
(270, 'Nancy Lewis', 'Beverly James', 'afields7g@imageshack.us', 4, 'Mark Bradley', 'Angela Fields'),
(271, 'Joseph Schmidt', 'Craig Lawrence', 'kmason7h@miibeian.gov.cn', 4, 'Kimberly Harris', 'Keith Mason'),
(272, 'Earl Burns', 'Steve Harris', 'smurray7i@bloglines.com', 5, 'Stephanie Green', 'Sandra Murray'),
(273, 'Bobby Lee', 'Rachel Franklin', 'lhanson7j@jimdo.com', 4, 'Adam Carr', 'Linda Hanson'),
(274, 'Jose Long', 'Pamela Butler', 'bortiz7k@macromedia.com', 2, 'Mark Powell', 'Billy Ortiz'),
(275, 'Marie Gray', 'Earl Hayes', 'sfields7l@barnesandnoble.com', 5, 'Bruce Hudson', 'Susan Fields'),
(276, 'Julia Ross', 'Shawn Hawkins', 'gjenkins7m@msn.com', 6, 'Jerry Arnold', 'George Jenkins'),
(277, 'Elizabeth Richardson', 'Samuel Austin', 'jhowell7n@fema.gov', 3, 'Kevin Porter', 'John Howell'),
(278, 'Sarah Bell', 'Pamela Richardson', 'laustin7o@xrea.com', 4, 'Katherine Hansen', 'Lillian Austin'),
(279, 'Teresa Fields', 'Gloria Fisher', 'mmendoza7p@craigslist.org', 4, 'Andrea Castillo', 'Michael Mendoza'),
(280, 'Judy Owens', 'Stephanie Morgan', 'ehunter7q@yelp.com', 2, 'Evelyn West', 'Elizabeth Hunter'),
(281, 'Timothy Sanchez', 'Lori Johnson', 'swebb7r@qq.com', 5, 'Janice Frazier', 'Sharon Webb'),
(282, 'Ronald Richards', 'Kathryn Butler', 'tsimpson7s@home.pl', 3, 'Janet Hernandez', 'Thomas Simpson'),
(283, 'Stephen Kelley', 'Raymond Murray', 'jcarroll7t@harvard.edu', 4, 'Laura Roberts', 'Jose Carroll'),
(284, 'Teresa Flores', 'Melissa Bell', 'tpalmer7u@reuters.com', 2, 'Christine Chavez', 'Todd Palmer'),
(285, 'Andrew Willis', 'Theresa Boyd', 'mdaniels7v@ebay.co.uk', 1, 'Diane Ferguson', 'Martha Daniels'),
(286, 'Brandon Davis', 'Billy Spencer', 'abrooks7w@omniture.com', 3, 'Jessica Riley', 'Ann Brooks'),
(287, 'Karen Oliver', 'Johnny Harrison', 'ehicks7x@pen.io', 4, 'Louis Ford', 'Earl Hicks'),
(288, 'Edward Webb', 'Lisa Morgan', 'jwoods7y@dyndns.org', 3, 'Emily Mccoy', 'Jose Woods'),
(289, 'Beverly Hudson', 'Robert Wheeler', 'sbradley7z@cloudflare.com', 1, 'Gerald Rivera', 'Steve Bradley'),
(290, 'Andrea Henry', 'Lawrence Cole', 'awatson80@hhs.gov', 1, 'Theresa Matthews', 'Adam Watson'),
(291, 'Daniel Hicks', 'Ann Vasquez', 'jmccoy81@chronoengine.com', 4, 'Jane Austin', 'Janet Mccoy'),
(292, 'Jimmy Ward', 'Todd Robertson', 'mkim82@abc.net.au', 1, 'Kathryn Schmidt', 'Margaret Kim'),
(293, 'Evelyn Wagner', 'Pamela Martin', 'erice83@skype.com', 6, 'Patricia Burke', 'Edward Rice'),
(294, 'Donald Richards', 'Stephanie Harrison', 'mmcdonald84@dion.ne.jp', 2, 'Ann Mason', 'Martha Mcdonald'),
(295, 'Wayne Wood', 'Anthony Gonzales', 'jrichards85@jiathis.com', 2, 'Judy Day', 'Juan Richards'),
(296, 'Kathleen Carroll', 'Shawn Richardson', 'dlawrence86@ovh.net', 2, 'Margaret Coleman', 'Dennis Lawrence'),
(297, 'Jacqueline Perez', 'Thomas Owens', 'mschmidt87@scientificamerican.com', 6, 'Eugene Spencer', 'Mary Schmidt'),
(298, 'Ruth Rogers', 'Ashley Reed', 'gbell88@shutterfly.com', 2, 'Margaret Patterson', 'George Bell'),
(299, 'Timothy Dean', 'Juan Reynolds', 'shawkins89@hhs.gov', 6, 'Evelyn Holmes', 'Sarah Hawkins'),
(300, 'Gloria Riley', 'George Owens', 'dcook8a@alexa.com', 3, 'Cynthia Jones', 'Debra Cook'),
(301, 'Dorothy Peters', 'Jane Porter', 'mmartin8b@sourceforge.net', 5, 'Edward Carter', 'Mark Martin'),
(302, 'Walter Andrews', 'Wanda Foster', 'ethomas8c@nhs.uk', 4, 'Debra Bowman', 'Ernest Thomas'),
(303, 'Roger Hayes', 'Cynthia Murray', 'mcole8d@networksolutions.com', 1, 'Carlos Robinson', 'Melissa Cole'),
(304, 'Rebecca Perez', 'Billy Reid', 'pryan8e@si.edu', 4, 'Barbara Watson', 'Patrick Ryan'),
(305, 'Carol Peterson', 'Emily Garrett', 'ahicks8f@tumblr.com', 4, 'Bobby Morris', 'Anne Hicks'),
(306, 'Joseph Gomez', 'David Gilbert', 'bcox8g@state.tx.us', 2, 'Maria Robinson', 'Brenda Cox'),
(307, 'Frank Tucker', 'Ruby Stewart', 'jkelly8h@yellowpages.com', 2, 'Bonnie Greene', 'Janet Kelly'),
(308, 'Richard Black', 'Anna Harris', 'vwheeler8i@irs.gov', 6, 'Harry Burton', 'Virginia Wheeler'),
(309, 'William Peterson', 'Roy Perez', 'dburns8j@usa.gov', 6, 'Ann Griffin', 'Diane Burns'),
(310, 'Ruby Marshall', 'Cheryl Richards', 'jharvey8k@cam.ac.uk', 4, 'Julie Greene', 'Jack Harvey'),
(311, 'Jose Garza', 'Albert Jordan', 'wgriffin8l@diigo.com', 6, 'Emily Morrison', 'Willie Griffin'),
(312, 'Helen Wallace', 'Diane Ramos', 'ppayne8m@vk.com', 3, 'Emily Gilbert', 'Philip Payne'),
(313, 'Jesse Moore', 'Alan Walker', 'ewilliams8n@globo.com', 6, 'Lori Alexander', 'Earl Williams'),
(314, 'Craig Little', 'Carol Foster', 'fsanders8o@pbs.org', 1, 'Kimberly Bell', 'Frances Sanders'),
(315, 'Kathy Lawson', 'Robin Stewart', 'aellis8p@usatoday.com', 5, 'Martha Hunt', 'Alice Ellis'),
(316, 'Cheryl Austin', 'Marie Robinson', 'mgarrett8q@hibu.com', 2, 'Chris Palmer', 'Marilyn Garrett'),
(317, 'Shawn Hanson', 'Terry Payne', 'vjohnson8r@hp.com', 2, 'Chris Perry', 'Victor Johnson'),
(318, 'Raymond Larson', 'Frances Price', 'pcooper8s@gravatar.com', 4, 'Thomas Sims', 'Phyllis Cooper'),
(319, 'Marilyn Jacobs', 'Jerry George', 'agordon8t@about.com', 5, 'Edward Hernandez', 'Andrew Gordon'),
(320, 'Jimmy Castillo', 'Stephanie Turner', 'cryan8u@t.co', 1, 'Joan Jones', 'Chris Ryan'),
(321, 'Paul Patterson', 'Kathleen Alexander', 'rnelson8v@census.gov', 2, 'Rachel Wilson', 'Robin Nelson'),
(322, 'Martin Martin', 'Joan Wagner', 'jgomez8w@samsung.com', 6, 'Debra Wagner', 'Juan Gomez'),
(323, 'Adam Patterson', 'Paula Knight', 'wfowler8x@sun.com', 2, 'Matthew Allen', 'Willie Fowler'),
(324, 'Anthony Little', 'Sharon Shaw', 'jchapman8y@nydailynews.com', 4, 'Catherine Perry', 'James Chapman'),
(325, 'Anne Elliott', 'Christopher Berry', 'rwatson8z@cisco.com', 3, 'Denise Hernandez', 'Rose Watson'),
(326, 'Rebecca Marshall', 'Craig Jackson', 'srobertson90@sitemeter.com', 1, 'Lawrence Watkins', 'Sandra Robertson'),
(327, 'Norma Chavez', 'Barbara Reyes', 'colson91@theguardian.com', 3, 'Sarah Hart', 'Cheryl Olson'),
(328, 'Gerald Richards', 'Kathleen Collins', 'tscott92@oaic.gov.au', 1, 'Jean Hunt', 'Timothy Scott'),
(329, 'Beverly Bailey', 'Kathy Hill', 'sblack93@boston.com', 1, 'Gloria Wood', 'Samuel Black'),
(330, 'Rebecca Stanley', 'Bonnie Bennett', 'aburton94@telegraph.co.uk', 2, 'Robin Patterson', 'Antonio Burton'),
(331, 'Jennifer Johnson', 'Anne Fuller', 'cperry95@altervista.org', 6, 'Deborah Fernandez', 'Christopher Perry'),
(332, 'Janice Stephens', 'Cynthia Lawson', 'jflores96@netvibes.com', 2, 'Douglas Franklin', 'Joshua Flores'),
(333, 'Donald Knight', 'Peter Porter', 'kwatson97@people.com.cn', 4, 'Christina Washington', 'Karen Watson'),
(334, 'Chris Collins', 'Cheryl Washington', 'shudson98@dropbox.com', 1, 'Christine Webb', 'Steven Hudson'),
(335, 'Donna Ferguson', 'Walter Murphy', 'probinson99@newsvine.com', 1, 'Amanda Lawrence', 'Peter Robinson'),
(336, 'Clarence Burton', 'Heather Garcia', 'jwallace9a@networksolutions.com', 6, 'Victor Hawkins', 'Jeremy Wallace'),
(337, 'Anthony Rodriguez', 'Margaret Cooper', 'jwilliamson9b@wiley.com', 1, 'Fred Stone', 'Jane Williamson'),
(338, 'Brian Hudson', 'Carlos Hicks', 'malexander9c@ebay.co.uk', 3, 'Joe Burke', 'Marilyn Alexander'),
(339, 'Lisa Boyd', 'Virginia Cunningham', 'nmontgomery9d@stanford.edu', 1, 'Beverly Mendoza', 'Nancy Montgomery'),
(340, 'James Mcdonald', 'Willie Freeman', 'grobinson9e@umich.edu', 4, 'Joan Wagner', 'Gregory Robinson'),
(341, 'Joshua Freeman', 'Louis Burke', 'ralexander9f@msn.com', 2, 'Christine Campbell', 'Raymond Alexander'),
(342, 'Chris Sanders', 'Frank Fox', 'mmills9g@loc.gov', 5, 'Charles Carpenter', 'Michael Mills'),
(343, 'Jessica Ryan', 'Christine Hawkins', 'jgutierrez9h@ask.com', 1, 'Cynthia Ruiz', 'Johnny Gutierrez'),
(344, 'Thomas Henry', 'Martha Stevens', 'astewart9i@army.mil', 1, 'Jacqueline Campbell', 'Aaron Stewart'),
(345, 'Sharon Ward', 'Howard Ortiz', 'glopez9j@myspace.com', 4, 'Martin Watson', 'Gloria Lopez'),
(346, 'Howard Wilson', 'Nicholas Morrison', 'bjackson9k@delicious.com', 3, 'Kevin Harrison', 'Betty Jackson'),
(347, 'Rose Morgan', 'Brandon Walker', 'bjohnson9l@sina.com.cn', 5, 'Michael Gonzales', 'Bruce Johnson'),
(348, 'Alan Ellis', 'Virginia Wheeler', 'sross9m@amazon.co.jp', 1, 'Stephanie Howell', 'Samuel Ross'),
(349, 'Wanda Roberts', 'Roger Henderson', 'lstevens9n@theglobeandmail.com', 4, 'Clarence Rodriguez', 'Lori Stevens'),
(350, 'Judith Henderson', 'Sarah Lynch', 'kbennett9o@hostgator.com', 4, 'Walter Harrison', 'Keith Bennett'),
(351, 'Steven Sims', 'Cheryl Richardson', 'jarnold9p@archive.org', 6, 'Arthur Murray', 'Janet Arnold'),
(352, 'Walter James', 'Pamela Reynolds', 'briley9q@icq.com', 3, 'Karen Thompson', 'Barbara Riley'),
(353, 'Carol Perez', 'Cynthia Hart', 'aharrison9r@nps.gov', 5, 'George Long', 'Anna Harrison'),
(354, 'Irene Turner', 'Andrew Greene', 'bkelly9s@tamu.edu', 3, 'Cynthia Reyes', 'Beverly Kelly'),
(355, 'Robert Murray', 'Alan Harris', 'cpierce9t@myspace.com', 6, 'Anthony Sullivan', 'Carolyn Pierce'),
(356, 'Joyce Woods', 'Jennifer Russell', 'mpalmer9u@walmart.com', 1, 'Alice Hart', 'Michelle Palmer'),
(357, 'Steve Lynch', 'Sarah Reyes', 'jmason9v@uiuc.edu', 2, 'Rebecca Alexander', 'Jacqueline Mason'),
(358, 'Ann Hughes', 'Roger Peterson', 'ljames9w@cdc.gov', 6, 'Tammy Morales', 'Larry James'),
(359, 'Johnny Harper', 'Gloria Mccoy', 'sjacobs9x@theglobeandmail.com', 1, 'Elizabeth Kim', 'Sara Jacobs'),
(360, 'Ruth James', 'Ruby Gonzales', 'rgonzales9y@ibm.com', 3, 'Diana Mason', 'Roy Gonzales'),
(361, 'William Foster', 'Betty Warren', 'jroberts9z@mit.edu', 3, 'Margaret Bradley', 'Justin Roberts'),
(362, 'Teresa Murphy', 'Dorothy James', 'pevansa0@wikispaces.com', 2, 'Edward Stevens', 'Peter Evans'),
(363, 'Theresa Alvarez', 'Julia Brown', 'gparkera1@smh.com.au', 5, 'Anthony Rose', 'Gregory Parker'),
(364, 'Jane Gutierrez', 'Lori Fernandez', 'aelliotta2@gmpg.org', 4, 'Mary Ruiz', 'Alan Elliott'),
(365, 'Daniel Martin', 'Jessica Porter', 'njacobsa3@typepad.com', 3, 'Ann Wells', 'Nicole Jacobs'),
(366, 'Kelly Chavez', 'Brian Lopez', 'jcastilloa4@newsvine.com', 6, 'Brian Alvarez', 'Jeremy Castillo'),
(367, 'Jack Martin', 'Harold George', 'rmartina5@jimdo.com', 5, 'Roger Gilbert', 'Roy Martin'),
(368, 'Craig Russell', 'Jeremy Harper', 'kthomasa6@opensource.org', 4, 'Arthur Castillo', 'Kathleen Thomas'),
(369, 'Jennifer Myers', 'Benjamin Jenkins', 'gcoxa7@pen.io', 3, 'Jimmy Matthews', 'Gloria Cox'),
(370, 'Jimmy Burns', 'Sharon Jordan', 'dschmidta8@slideshare.net', 1, 'Alice Ellis', 'Doris Schmidt'),
(371, 'Mark Simpson', 'Arthur Bowman', 'tbaileya9@creativecommons.org', 5, 'Aaron Jenkins', 'Timothy Bailey'),
(372, 'Philip Boyd', 'Debra Ruiz', 'rstewartaa@nsw.gov.au', 4, 'Henry Cooper', 'Raymond Stewart'),
(373, 'Rebecca Rice', 'Diana Brown', 'srobinsonab@sciencedirect.com', 2, 'Richard Arnold', 'Sharon Robinson'),
(374, 'Phyllis Scott', 'Ashley Boyd', 'rspencerac@miibeian.gov.cn', 3, 'Aaron Lopez', 'Rebecca Spencer'),
(375, 'Judith Arnold', 'Fred Anderson', 'kalvarezad@utexas.edu', 2, 'Albert Thomas', 'Kenneth Alvarez'),
(376, 'Howard Sims', 'Louis Simmons', 'swoodsae@tinypic.com', 1, 'Tammy Wilson', 'Scott Woods'),
(377, 'Bonnie Lewis', 'Eric Welch', 'pburtonaf@mashable.com', 4, 'Pamela King', 'Phillip Burton'),
(378, 'Martin Moreno', 'Shawn Jordan', 'ebrooksag@illinois.edu', 4, 'Ann Lewis', 'Eugene Brooks'),
(379, 'Judith Sims', 'Diane Payne', 'tbaileyah@yandex.ru', 3, 'Timothy Hansen', 'Terry Bailey'),
(380, 'Ann Arnold', 'Jacqueline Evans', 'tandrewsai@illinois.edu', 1, 'Scott Daniels', 'Tammy Andrews'),
(381, 'Stephen Holmes', 'Judy Bishop', 'smatthewsaj@biblegateway.com', 6, 'Henry Medina', 'Sarah Matthews'),
(382, 'Evelyn Garza', 'Russell Phillips', 'showellak@sina.com.cn', 2, 'Beverly Graham', 'Sharon Howell'),
(383, 'Harold Lee', 'Lillian Reid', 'jreynoldsal@stanford.edu', 3, 'Edward Smith', 'Jerry Reynolds'),
(384, 'Shirley Cox', 'Billy Fowler', 'jellisam@google.cn', 2, 'Heather Rogers', 'Jack Ellis'),
(385, 'Dennis Parker', 'Joan Ferguson', 'rharrisonan@adobe.com', 1, 'Tina Miller', 'Robert Harrison'),
(386, 'Barbara Reid', 'Angela Hughes', 'akingao@aol.com', 2, 'Stephen Bailey', 'Andrew King'),
(387, 'Victor Bradley', 'Tammy Jacobs', 'dduncanap@bizjournals.com', 6, 'Annie Burton', 'Doris Duncan'),
(388, 'Ryan Carter', 'Laura Warren', 'gharperaq@howstuffworks.com', 1, 'Ruby Cruz', 'Gloria Harper'),
(389, 'Brenda Jordan', 'Stephanie Thomas', 'rramosar@gmpg.org', 1, 'Billy Howell', 'Raymond Ramos'),
(390, 'Kevin Parker', 'Nancy Phillips', 'wellisas@gmpg.org', 4, 'Fred Alvarez', 'Wayne Ellis'),
(391, 'Lois Brown', 'Justin Howell', 'mgomezat@tmall.com', 5, 'Patricia Austin', 'Michelle Gomez'),
(392, 'Mark Moreno', 'Denise Mitchell', 'lbrownau@blogtalkradio.com', 2, 'Russell Henderson', 'Lillian Brown'),
(393, 'Kelly Ray', 'Thomas Stone', 'jelliottav@dropbox.com', 3, 'David Ramos', 'Juan Elliott'),
(394, 'Carl Lynch', 'Jimmy Allen', 'plewisaw@europa.eu', 1, 'Martha White', 'Pamela Lewis'),
(395, 'Harry Armstrong', 'Justin Allen', 'jstephensax@freewebs.com', 4, 'Tina Baker', 'Jose Stephens'),
(396, 'Amanda Phillips', 'Helen Green', 'mstanleyay@linkedin.com', 1, 'Kelly Pierce', 'Mary Stanley'),
(397, 'Catherine Frazier', 'Betty Mendoza', 'pblackaz@state.gov', 2, 'Dorothy Palmer', 'Phyllis Black'),
(398, 'John Stevens', 'Fred Mason', 'cscottb0@cdc.gov', 4, 'Nicholas Hernandez', 'Carl Scott'),
(399, 'Nicholas Marshall', 'Jeffrey Wallace', 'scunninghamb1@chronoengine.com', 2, 'Roger Fields', 'Scott Cunningham'),
(400, 'Johnny Harper', 'Heather Gonzalez', 'smeyerb2@about.com', 4, 'Lillian Freeman', 'Stephanie Meyer'),
(401, 'Paul Montgomery', 'Wayne Gutierrez', 'cjenkinsb3@skype.com', 3, 'Jack Hamilton', 'Christina Jenkins'),
(402, 'David Mitchell', 'Sarah Fowler', 'msimsb4@unblog.fr', 2, 'Amy Fox', 'Melissa Sims'),
(403, 'Margaret Cole', 'Sarah Moore', 'dgrayb5@fema.gov', 2, 'Roger Mcdonald', 'Donna Gray'),
(404, 'Martha Mason', 'Edward Parker', 'aaustinb6@thetimes.co.uk', 1, 'Angela Burns', 'Andrea Austin'),
(405, 'Peter Thompson', 'Linda Stewart', 'tlynchb7@vkontakte.ru', 4, 'Teresa Williams', 'Theresa Lynch'),
(406, 'Irene Diaz', 'Kimberly Lawrence', 'hgutierrezb8@omniture.com', 6, 'Sarah Anderson', 'Harry Gutierrez'),
(407, 'Fred Larson', 'Jesse Fuller', 'kfrazierb9@chron.com', 1, 'Juan Wagner', 'Karen Frazier'),
(408, 'Cynthia Johnston', 'Victor Harvey', 'raustinba@hatena.ne.jp', 5, 'Bonnie Dean', 'Russell Austin'),
(409, 'Justin Carroll', 'Melissa Lopez', 'jcarrbb@businessweek.com', 1, 'Antonio Harris', 'Jesse Carr'),
(410, 'Eric Burns', 'Lawrence Wilson', 'jburtonbc@craigslist.org', 2, 'Victor Edwards', 'Jacqueline Burton'),
(411, 'Janet Marshall', 'Doris Brooks', 'hedwardsbd@4shared.com', 4, 'Arthur Patterson', 'Harold Edwards'),
(412, 'Kimberly Gutierrez', 'Stephanie Reynolds', 'srosebe@bigcartel.com', 4, 'Angela Owens', 'Stephen Rose'),
(413, 'Joshua Watkins', 'John Fields', 'whayesbf@fda.gov', 4, 'Karen Burton', 'Wayne Hayes'),
(414, 'Brandon Richardson', 'Norma Armstrong', 'jlawrencebg@example.com', 4, 'Shawn Shaw', 'Joe Lawrence'),
(415, 'Justin Bell', 'Sarah Boyd', 'wpalmerbh@cbslocal.com', 1, 'Paul Torres', 'William Palmer'),
(416, 'Judy Gutierrez', 'Amy Watson', 'mjamesbi@google.it', 6, 'Jerry Russell', 'Melissa James'),
(417, 'Debra Morris', 'James Fuller', 'gperrybj@ow.ly', 6, 'Anne Stone', 'Gerald Perry'),
(418, 'Richard Roberts', 'Carlos Mendoza', 'jramosbk@amazon.com', 3, 'Ruby Larson', 'Joshua Ramos'),
(419, 'Raymond Allen', 'Angela Howell', 'jstevensbl@geocities.jp', 1, 'Nancy Mitchell', 'Joyce Stevens'),
(420, 'Harry Rivera', 'Eugene Cox', 'rlawsonbm@dedecms.com', 3, 'Tina Palmer', 'Robin Lawson'),
(421, 'Jennifer Banks', 'Diane Lee', 'kwheelerbn@tripadvisor.com', 5, 'Jason Green', 'Kevin Wheeler'),
(422, 'Donna Watson', 'Elizabeth Mitchell', 'pstephensbo@free.fr', 3, 'Henry Alvarez', 'Phyllis Stephens'),
(423, 'Helen Hamilton', 'Rachel Kelley', 'pbrownbp@drupal.org', 6, 'Karen Harper', 'Peter Brown'),
(424, 'Karen Owens', 'Andrew Jenkins', 'bedwardsbq@reference.com', 3, 'Carlos Henry', 'Bruce Edwards'),
(425, 'Jennifer Lewis', 'Sharon Kennedy', 'dporterbr@fc2.com', 2, 'Stephanie Simpson', 'Dorothy Porter'),
(426, 'Henry Garrett', 'Helen Hunt', 'erodriguezbs@springer.com', 1, 'Patrick Garza', 'Earl Rodriguez'),
(427, 'Jane Scott', 'Kathleen Greene', 'asimmonsbt@nature.com', 3, 'Ernest Arnold', 'Antonio Simmons'),
(428, 'Earl Sanchez', 'Charles Hunter', 'mmccoybu@edublogs.org', 2, 'Howard Williamson', 'Mark Mccoy'),
(429, 'John Taylor', 'Steve Hill', 'rbaileybv@shinystat.com', 4, 'Daniel Gardner', 'Ryan Bailey'),
(430, 'Lori Griffin', 'Kelly Spencer', 'njonesbw@angelfire.com', 6, 'Rebecca Rivera', 'Norma Jones'),
(431, 'Nicholas Sullivan', 'Michelle King', 'gperkinsbx@example.com', 6, 'Phillip Riley', 'Gloria Perkins'),
(432, 'Susan Kelly', 'Gerald Russell', 'lstoneby@gov.uk', 1, 'Kathy Mendoza', 'Louis Stone'),
(433, 'Victor James', 'Victor Armstrong', 'jlongbz@hexun.com', 3, 'Michael Burke', 'Janet Long'),
(434, 'Christine Robertson', 'Paul Griffin', 'kparkerc0@va.gov', 1, 'Gloria Collins', 'Karen Parker'),
(435, 'Henry Hall', 'Sean Snyder', 'sbellc1@usatoday.com', 6, 'Arthur Moore', 'Steve Bell'),
(436, 'Sharon Diaz', 'Amanda Grant', 'ssanchezc2@squarespace.com', 2, 'Keith Green', 'Susan Sanchez'),
(437, 'Mark Hawkins', 'William Hansen', 'awelchc3@yellowbook.com', 1, 'Dennis Morrison', 'Adam Welch'),
(438, 'Heather Cole', 'Ann Rodriguez', 'shansonc4@toplist.cz', 5, 'Jean Campbell', 'Sara Hanson'),
(439, 'Albert Carpenter', 'Julie Matthews', 'bgibsonc5@furl.net', 1, 'Aaron Webb', 'Betty Gibson'),
(440, 'Beverly Stewart', 'Jose Collins', 'ckellyc6@hugedomains.com', 6, 'Diane Collins', 'Christine Kelly'),
(441, 'Jerry Palmer', 'Phyllis Jackson', 'scarrc7@taobao.com', 3, 'Patricia Peters', 'Scott Carr'),
(442, 'Dorothy Daniels', 'Jonathan Rogers', 'dfloresc8@google.com.au', 5, 'Norma Jenkins', 'Denise Flores'),
(443, 'Linda Harrison', 'Anna Morris', 'dpetersonc9@bluehost.com', 2, 'Douglas Stone', 'Diana Peterson'),
(444, 'Robin Owens', 'George Martin', 'cramosca@upenn.edu', 1, 'Wanda Bryant', 'Cynthia Ramos'),
(445, 'Jean Gomez', 'Teresa Adams', 'dnelsoncb@apache.org', 2, 'Antonio Tucker', 'Diane Nelson'),
(446, 'Phyllis Murray', 'Amy Lopez', 'byoungcc@nasa.gov', 3, 'Russell Fernandez', 'Bobby Young'),
(447, 'Frank Rogers', 'Kathryn Moore', 'colivercd@tmall.com', 4, 'David Warren', 'Carlos Oliver'),
(448, 'Stephen Reyes', 'Gloria Hunt', 'fpattersonce@ehow.com', 4, 'Carl Lee', 'Frances Patterson'),
(449, 'Patricia Martin', 'Karen Murray', 'dcarpentercf@tamu.edu', 2, 'Brenda Duncan', 'Diana Carpenter'),
(450, 'Emily Green', 'Christine Watkins', 'lreidcg@chronoengine.com', 1, 'Brenda Morrison', 'Laura Reid'),
(451, 'Jose Murray', 'Shirley Peterson', 'adixonch@slideshare.net', 1, 'Aaron Moreno', 'Andrew Dixon'),
(452, 'Christine Wood', 'Randy Morrison', 'dmatthewsci@hugedomains.com', 4, 'Emily Stevens', 'Doris Matthews'),
(453, 'Richard Nguyen', 'Irene Fernandez', 'aperezcj@joomla.org', 5, 'Theresa Bailey', 'Andrea Perez'),
(454, 'Emily Gibson', 'Kathy King', 'mduncanck@163.com', 2, 'Shirley Willis', 'Mark Duncan'),
(455, 'Brenda Patterson', 'Jessica Morgan', 'jvasquezcl@salon.com', 6, 'Elizabeth Welch', 'Johnny Vasquez'),
(456, 'Bruce Holmes', 'Kevin Chavez', 'kwheelercm@buzzfeed.com', 2, 'Denise Flores', 'Kevin Wheeler'),
(457, 'Phyllis Peters', 'Alice Hall', 'tdeancn@t.co', 3, 'Carolyn Carroll', 'Todd Dean'),
(458, 'John Reyes', 'Juan Brown', 'plongco@phpbb.com', 4, 'Clarence Armstrong', 'Pamela Long'),
(459, 'David Taylor', 'Lisa Martin', 'gfishercp@g.co', 1, 'Charles Freeman', 'Gerald Fisher'),
(460, 'Lois Mccoy', 'Joe Bennett', 'ewatsoncq@hhs.gov', 4, 'Heather Duncan', 'Edward Watson'),
(461, 'Mary Davis', 'Carl Morris', 'rfostercr@engadget.com', 5, 'Steve Parker', 'Rose Foster'),
(462, 'Jose Foster', 'Emily Bowman', 'cfowlercs@engadget.com', 1, 'Julie Tucker', 'Cheryl Fowler'),
(463, 'Sean Medina', 'Richard Peters', 'mbrownct@hexun.com', 3, 'Julie Ramirez', 'Mark Brown'),
(464, 'Jerry Dixon', 'Paula Allen', 'dpetersoncu@theguardian.com', 2, 'Robin Parker', 'Diana Peterson'),
(465, 'Frank Bell', 'Richard Long', 'jperezcv@wix.com', 6, 'Frank Hart', 'Janice Perez'),
(466, 'Elizabeth Little', 'Kathryn Burns', 'cjacobscw@skype.com', 4, 'Anna Fowler', 'Christina Jacobs'),
(467, 'Paula Reid', 'Jeffrey Henderson', 'nrileycx@businesswire.com', 2, 'Jane Chapman', 'Norma Riley'),
(468, 'Beverly Kennedy', 'Phillip Castillo', 'rhansoncy@house.gov', 5, 'Alan Carr', 'Rebecca Hanson'),
(469, 'Phillip Gomez', 'Howard Wilson', 'gramoscz@unc.edu', 3, 'Helen Austin', 'Gary Ramos'),
(470, 'Brandon Collins', 'Harold Brown', 'tlopezd0@over-blog.com', 3, 'Laura Fernandez', 'Theresa Lopez'),
(471, 'Diana Mills', 'Diane Grant', 'crodriguezd1@globo.com', 2, 'Janice Powell', 'Charles Rodriguez'),
(472, 'Denise Foster', 'Joshua Wood', 'bgardnerd2@bigcartel.com', 3, 'Christine Reyes', 'Bobby Gardner'),
(473, 'Scott Patterson', 'Louis Gonzalez', 'bbishopd3@gizmodo.com', 2, 'Joan Cook', 'Bruce Bishop'),
(474, 'Shawn Russell', 'Shirley Howell', 'dwellsd4@cdbaby.com', 3, 'Linda Clark', 'Diana Wells'),
(475, 'Paula Montgomery', 'Henry Olson', 'aclarkd5@yolasite.com', 4, 'Denise Rogers', 'Alice Clark'),
(476, 'Robin Hart', 'Carol Jackson', 'slaned6@java.com', 2, 'Louis Lynch', 'Steve Lane'),
(477, 'Harry Sanchez', 'Ralph Burton', 'chunterd7@discuz.net', 4, 'Brian Knight', 'Cheryl Hunter'),
(478, 'Betty Perkins', 'Shawn Fox', 'pwebbd8@i2i.jp', 3, 'Paul Rodriguez', 'Philip Webb'),
(479, 'Alice Adams', 'Theresa Nelson', 'pbanksd9@dagondesign.com', 2, 'Gloria Stevens', 'Phyllis Banks'),
(480, 'Patrick Bennett', 'Christopher Porter', 'ksullivanda@storify.com', 2, 'Julia Matthews', 'Kenneth Sullivan'),
(481, 'Betty Ellis', 'Amy Garcia', 'wdiazdb@spiegel.de', 2, 'Dennis Elliott', 'Wayne Diaz'),
(482, 'Kevin Gray', 'Frank Owens', 'kfrazierdc@myspace.com', 5, 'Marie Smith', 'Kelly Frazier'),
(483, 'Joe Wells', 'Ashley Watson', 'ameyerdd@imgur.com', 5, 'Anthony Stanley', 'Anthony Meyer'),
(484, 'Andrew Dixon', 'Michael Andrews', 'nbennettde@woothemes.com', 5, 'Walter Grant', 'Norma Bennett'),
(485, 'Gregory Bishop', 'Peter Torres', 'ssimpsondf@vinaora.com', 4, 'Elizabeth Wheeler', 'Samuel Simpson'),
(486, 'Steve Powell', 'Rachel Adams', 'jwatsondg@google.pl', 4, 'Henry Gardner', 'Judith Watson'),
(487, 'Roy Howard', 'Alan Jackson', 'bfrazierdh@wix.com', 3, 'Ryan Jackson', 'Brenda Frazier'),
(488, 'Diane Baker', 'Michelle Smith', 'scolemandi@prnewswire.com', 1, 'Brenda Arnold', 'Shawn Coleman'),
(489, 'Pamela Romero', 'Robin Pierce', 'jcolemandj@xinhuanet.com', 3, 'Barbara Diaz', 'Jose Coleman'),
(490, 'Jesse Willis', 'Arthur Sims', 'dromerodk@rambler.ru', 4, 'Debra Mendoza', 'Dennis Romero'),
(491, 'Daniel Nichols', 'Keith Greene', 'phamiltondl@cloudflare.com', 4, 'Anne Rogers', 'Pamela Hamilton'),
(492, 'Angela Thomas', 'Judith Cole', 'bharrisdm@hatena.ne.jp', 4, 'Walter Adams', 'Beverly Harris'),
(493, 'Angela Webb', 'Lois Dunn', 'estonedn@soup.io', 6, 'Patrick Ellis', 'Elizabeth Stone'),
(494, 'Diane Watkins', 'Karen Montgomery', 'jfoxdo@patch.com', 1, 'Justin Rice', 'Janice Fox'),
(495, 'Doris Stephens', 'Julie Tucker', 'rallendp@utexas.edu', 6, 'Benjamin Wagner', 'Ruby Allen'),
(496, 'Louis Powell', 'Harry Clark', 'ggonzalesdq@issuu.com', 4, 'Carlos Evans', 'Gary Gonzales'),
(497, 'Kimberly Jenkins', 'Diana Hawkins', 'rwilsondr@sourceforge.net', 2, 'Richard Little', 'Richard Wilson'),
(498, 'Robin Murphy', 'Julie Sims', 'spattersonds@ameblo.jp', 2, 'Jesse Nguyen', 'Stephen Patterson'),
(499, 'Peter Torres', 'Julie West', 'dtaylordt@list-manage.com', 5, 'Antonio Richards', 'Denise Taylor'),
(500, 'Dorothy Bryant', 'Kelly Jacobs', 'kmillerdu@stumbleupon.com', 5, 'Craig Pierce', 'Kenneth Miller'),
(501, 'Terry Gibson', 'Julia Phillips', 'wgeorgedv@gov.uk', 6, 'Catherine Greene', 'Willie George'),
(502, 'Craig Adams', 'Louise Day', 'knguyendw@npr.org', 5, 'Billy Dunn', 'Kevin Nguyen'),
(503, 'Keith Edwards', 'Michael Boyd', 'cbelldx@cbsnews.com', 3, 'George Gonzales', 'Cheryl Bell'),
(504, 'Gloria Johnston', 'Janice Stevens', 'wramosdy@washingtonpost.com', 6, 'Bonnie Andrews', 'Willie Ramos'),
(505, 'Dorothy Medina', 'Edward Hanson', 'mpaynedz@adobe.com', 6, 'Teresa Day', 'Martin Payne'),
(506, 'Daniel Carter', 'Anne Banks', 'edeane0@technorati.com', 3, 'Charles Morgan', 'Eric Dean'),
(507, 'Rose Castillo', 'Christopher Stewart', 'mromeroe1@typepad.com', 3, 'Thomas Burns', 'Margaret Romero'),
(508, 'Kelly Harper', 'Willie Wright', 'lwillise2@opera.com', 1, 'Nancy Wright', 'Louise Willis'),
(509, 'Jerry Burton', 'Sarah Knight', 'rolsone3@surveymonkey.com', 5, 'Mildred Perez', 'Ruth Olson'),
(510, 'Gregory Williams', 'Marie Ryan', 'ksullivane4@amazon.co.jp', 3, 'Cynthia Graham', 'Kelly Sullivan'),
(511, 'Willie Greene', 'Bruce Wagner', 'rhudsone5@marketwatch.com', 1, 'Edward Fernandez', 'Raymond Hudson'),
(512, 'Shawn Jordan', 'Elizabeth Burns', 'tnelsone6@imgur.com', 4, 'Doris Cunningham', 'Terry Nelson'),
(513, 'Alice Wheeler', 'Arthur Phillips', 'cmyerse7@histats.com', 5, 'Teresa Walker', 'Christopher Myers');
INSERT INTO `stock` (`stock_ID`, `stock_name`, `stock_category`, `stock_description`, `project_ID`, `donator_name`, `donation_allocation`) VALUES
(514, 'Louise Berry', 'Johnny Gray', 'jlynche8@digg.com', 3, 'Adam Spencer', 'Jeremy Lynch'),
(515, 'James Porter', 'Benjamin Wallace', 'rphillipse9@simplemachines.org', 5, 'Christine Burns', 'Rebecca Phillips'),
(516, 'Susan West', 'Catherine Oliver', 'mwalkerea@stumbleupon.com', 1, 'Daniel Franklin', 'Michael Walker'),
(517, 'Joyce Willis', 'Ruth Lee', 'lshaweb@sourceforge.net', 3, 'Kelly Reid', 'Laura Shaw'),
(518, 'Jose Russell', 'Matthew Jacobs', 'hgrahamec@yelp.com', 3, 'Martin Robinson', 'Heather Graham'),
(519, 'Michael Walker', 'Michael Flores', 'hhicksed@tinyurl.com', 6, 'Tina Berry', 'Helen Hicks'),
(520, 'Jeremy White', 'Mildred Weaver', 'acampbellee@bigcartel.com', 2, 'Harry James', 'Alice Campbell'),
(521, 'Ryan Dean', 'Stephanie Rose', 'tkimef@si.edu', 3, 'Jesse Harrison', 'Tina Kim'),
(522, 'Nancy Reynolds', 'Robert Nguyen', 'sdiazeg@mozilla.org', 5, 'Jose Olson', 'Sara Diaz'),
(523, 'Howard Ross', 'Irene Diaz', 'dkellyeh@google.com', 5, 'Lawrence Barnes', 'Dorothy Kelly'),
(524, 'Sara Lawrence', 'Brian Pierce', 'wandrewsei@jugem.jp', 2, 'Bruce Hill', 'Walter Andrews'),
(525, 'Nicole Meyer', 'Steve Wilson', 'gellisej@shop-pro.jp', 5, 'Rebecca Flores', 'Gloria Ellis'),
(526, 'Irene Miller', 'Jessica Andrews', 'jhallek@stanford.edu', 5, 'Norma Reed', 'Joyce Hall'),
(527, 'Joyce Daniels', 'Wanda Torres', 'dcunninghamel@cargocollective.com', 4, 'Lisa Collins', 'Donald Cunningham'),
(528, 'Julie Rodriguez', 'Deborah Barnes', 'klongem@house.gov', 6, 'Laura Bradley', 'Kevin Long'),
(529, 'Joyce Powell', 'John Kelly', 'brodriguezen@deliciousdays.com', 3, 'Ruth Freeman', 'Bruce Rodriguez'),
(530, 'Cynthia Cooper', 'Evelyn Bradley', 'shendersoneo@canalblog.com', 2, 'Raymond Coleman', 'Sean Henderson'),
(531, 'Christine Alvarez', 'Walter Marshall', 'jgibsonep@vimeo.com', 3, 'Laura Wright', 'Jeffrey Gibson'),
(532, 'Christine Roberts', 'Gloria Perez', 'grogerseq@hp.com', 6, 'Jack Ray', 'Gregory Rogers'),
(533, 'Kathryn Hill', 'Betty Mills', 'tjacksoner@altervista.org', 5, 'Gloria Hicks', 'Thomas Jackson'),
(534, 'Matthew Brown', 'Christina Simpson', 'jfowleres@cpanel.net', 3, 'Donald Mccoy', 'John Fowler'),
(535, 'Pamela Cunningham', 'Kathleen Cook', 'sshawet@csmonitor.com', 2, 'James Vasquez', 'Sara Shaw'),
(536, 'George Walker', 'Timothy Ortiz', 'rtorreseu@mozilla.com', 5, 'Ralph Wallace', 'Ronald Torres'),
(537, 'Joshua Simmons', 'Russell Cooper', 'roliverev@people.com.cn', 5, 'Harold Jones', 'Randy Oliver'),
(538, 'Ryan Frazier', 'Maria Rose', 'ejenkinsew@imdb.com', 1, 'Ernest Bryant', 'Eric Jenkins'),
(539, 'Amanda Murphy', 'James Torres', 'cblackex@unc.edu', 4, 'Brian Rogers', 'Carolyn Black'),
(540, 'Ruby Rose', 'Lawrence Diaz', 'plopezey@usatoday.com', 5, 'Christina Wood', 'Patricia Lopez'),
(541, 'Harry Wells', 'Maria Hicks', 'mtuckerez@smugmug.com', 4, 'Ernest White', 'Margaret Tucker'),
(542, 'Gary Hamilton', 'Theresa Hansen', 'mweaverf0@phoca.cz', 3, 'William Ramirez', 'Maria Weaver'),
(543, 'Irene Simpson', 'Louis Gardner', 'bkennedyf1@marriott.com', 3, 'Patricia Tucker', 'Brenda Kennedy'),
(544, 'Joe Alvarez', 'Gary Dunn', 'rgarzaf2@umich.edu', 2, 'Carolyn Chapman', 'Rebecca Garza'),
(545, 'Janice Ruiz', 'Todd Wood', 'hmasonf3@t-online.de', 1, 'Paula Cole', 'Helen Mason'),
(546, 'Jack Williamson', 'Stephen Carroll', 'kpetersf4@issuu.com', 3, 'Nicole Arnold', 'Kevin Peters'),
(547, 'Virginia Chavez', 'Chris Bishop', 'cbaileyf5@bravesites.com', 6, 'Phillip Nguyen', 'Catherine Bailey'),
(548, 'Patricia Gutierrez', 'Katherine Day', 'mhillf6@dropbox.com', 2, 'Carlos Gordon', 'Marie Hill'),
(549, 'Stephanie Kelly', 'Earl Boyd', 'acolemanf7@sun.com', 4, 'Kimberly Bradley', 'Amanda Coleman'),
(550, 'Jessica Garrett', 'Roger Sanders', 'hhudsonf8@yellowbook.com', 2, 'Alan Medina', 'Howard Hudson'),
(551, 'Kelly Gilbert', 'Joan Bishop', 'jjacobsf9@usda.gov', 1, 'Todd Watkins', 'James Jacobs'),
(552, 'Janet Meyer', 'Joseph Nguyen', 'bgilbertfa@umn.edu', 6, 'Amanda Baker', 'Brian Gilbert'),
(553, 'Mary Peters', 'Douglas Williams', 'ljordanfb@reverbnation.com', 3, 'Alan Mcdonald', 'Lawrence Jordan'),
(554, 'Beverly Price', 'Marie Gardner', 'mpetersfc@twitpic.com', 1, 'Jeremy Stevens', 'Margaret Peters'),
(555, 'Melissa Perez', 'Shirley Jenkins', 'lpaynefd@networksolutions.com', 2, 'Anthony Williams', 'Lillian Payne'),
(556, 'Catherine Turner', 'Alice Mccoy', 'hhansenfe@chron.com', 6, 'Andrea Hughes', 'Henry Hansen'),
(557, 'Rose Smith', 'Marilyn Sims', 'lwashingtonff@noaa.gov', 1, 'Marilyn Henry', 'Lois Washington'),
(558, 'Lisa Ellis', 'Donald Hansen', 'agrahamfg@homestead.com', 3, 'Anne Murray', 'Aaron Graham'),
(559, 'Katherine Fowler', 'Annie Stone', 'mtaylorfh@upenn.edu', 1, 'Stephen Banks', 'Michael Taylor'),
(560, 'Amanda Hansen', 'Julia Carroll', 'eboydfi@ft.com', 4, 'Howard Ross', 'Eric Boyd'),
(561, 'Roy Harper', 'Gregory Ramos', 'aclarkfj@quantcast.com', 2, 'Stephen Jacobs', 'Amy Clark'),
(562, 'Jeffrey Carr', 'Fred Hernandez', 'sburkefk@tumblr.com', 5, 'Harold Phillips', 'Sara Burke'),
(563, 'William Berry', 'Jonathan George', 'rrossfl@adobe.com', 3, 'Michael Garza', 'Ruby Ross'),
(564, 'Raymond Wilson', 'Diane Roberts', 'ldunnfm@i2i.jp', 1, 'Larry Lawson', 'Lawrence Dunn'),
(565, 'Brandon Howell', 'Christine Fields', 'lharrisonfn@mtv.com', 2, 'Virginia Sanchez', 'Lisa Harrison'),
(566, 'Christopher Cunningham', 'Jimmy Fuller', 'slongfo@uol.com.br', 4, 'Alice Fuller', 'Steve Long'),
(567, 'Andrea Kelly', 'Andrew Bishop', 'dgarrettfp@phoca.cz', 3, 'Howard Wright', 'Dennis Garrett'),
(568, 'Alan Richards', 'Jeremy Foster', 'wdeanfq@angelfire.com', 6, 'Johnny Bailey', 'William Dean'),
(569, 'Lillian Cox', 'Matthew Morrison', 'dblackfr@cam.ac.uk', 5, 'Jane Reid', 'Diane Black'),
(570, 'Anthony Hawkins', 'Amanda Lane', 'gmeyerfs@drupal.org', 4, 'Jennifer Frazier', 'George Meyer'),
(571, 'Ralph Brown', 'Amanda Fox', 'sdayft@tinyurl.com', 5, 'James Cox', 'Susan Day'),
(572, 'Lori Owens', 'Melissa Jordan', 'mwardfu@elpais.com', 5, 'Johnny Jenkins', 'Mary Ward'),
(573, 'Frances Turner', 'Katherine Castillo', 'pcolemanfv@sun.com', 5, 'Larry Hamilton', 'Peter Coleman'),
(574, 'Shirley Murphy', 'Michael Knight', 'rhicksfw@jiathis.com', 1, 'Russell Dean', 'Rebecca Hicks'),
(575, 'Douglas Hanson', 'Betty Bradley', 'rgarciafx@networksolutions.com', 3, 'Mark Elliott', 'Ruby Garcia'),
(576, 'Gregory Hunt', 'Alice Mills', 'rpetersfy@smugmug.com', 6, 'Earl Allen', 'Ruby Peters'),
(577, 'Jean Howell', 'Heather Gordon', 'sandrewsfz@ox.ac.uk', 3, 'Tina Bailey', 'Sarah Andrews'),
(578, 'Bobby White', 'Evelyn Russell', 'tcolemang0@wordpress.com', 3, 'Katherine Garcia', 'Terry Coleman'),
(579, 'Daniel Simmons', 'Anthony Chapman', 'rsanchezg1@histats.com', 6, 'Helen Gomez', 'Roger Sanchez'),
(580, 'Fred Perkins', 'Timothy Baker', 'aarnoldg2@exblog.jp', 6, 'Roger Scott', 'Anthony Arnold'),
(581, 'Rose Rivera', 'Sean Peters', 'areyesg3@behance.net', 6, 'Lois Kelly', 'Anne Reyes'),
(582, 'Douglas Martinez', 'Gerald Greene', 'rgomezg4@digg.com', 5, 'David Turner', 'Ruth Gomez'),
(583, 'Ashley Carpenter', 'Michelle Schmidt', 'mramirezg5@is.gd', 2, 'Ronald Lopez', 'Mark Ramirez'),
(584, 'Ann Burton', 'Harry Elliott', 'jphillipsg6@blogspot.com', 3, 'Anthony Carpenter', 'Jerry Phillips'),
(585, 'Donald Chapman', 'Kevin Duncan', 'kevansg7@deliciousdays.com', 2, 'Ronald Harvey', 'Kathleen Evans'),
(586, 'Timothy Jackson', 'Theresa Hawkins', 'tbakerg8@yale.edu', 5, 'Christopher Spencer', 'Thomas Baker'),
(587, 'Nicholas Campbell', 'Theresa Lynch', 'apetersong9@tuttocitta.it', 3, 'Matthew Harper', 'Aaron Peterson'),
(588, 'Ernest Cunningham', 'Betty Martinez', 'jcollinsga@businessinsider.com', 1, 'Jacqueline Hughes', 'Jason Collins'),
(589, 'Antonio Gonzales', 'Julie Hart', 'bstewartgb@patch.com', 6, 'Eugene Simpson', 'Brenda Stewart'),
(590, 'Brenda Garrett', 'Fred Sims', 'trichardsgc@sciencedirect.com', 1, 'Tammy Gonzalez', 'Timothy Richards'),
(591, 'Timothy Alexander', 'Ruth Anderson', 'ahughesgd@networksolutions.com', 2, 'Shirley Murphy', 'Andrea Hughes'),
(592, 'Julia Schmidt', 'Joyce Gilbert', 'rfieldsge@elpais.com', 4, 'Martin Bryant', 'Ryan Fields'),
(593, 'Carolyn Gordon', 'Judith Reid', 'emendozagf@reuters.com', 2, 'Phyllis Mills', 'Evelyn Mendoza'),
(594, 'Janet Cruz', 'Philip Graham', 'mmitchellgg@meetup.com', 2, 'Edward Chapman', 'Martin Mitchell'),
(595, 'Ashley Dean', 'Gerald Wood', 'epalmergh@bigcartel.com', 2, 'Irene Simmons', 'Emily Palmer'),
(596, 'Kelly Cole', 'Katherine Price', 'mgonzalesgi@cnn.com', 5, 'Keith Romero', 'Marilyn Gonzales'),
(597, 'Margaret Hunt', 'Craig Fernandez', 'mcoxgj@parallels.com', 2, 'Christine Bailey', 'Melissa Cox'),
(598, 'Melissa Gomez', 'Johnny Graham', 'dbowmangk@europa.eu', 6, 'Todd Arnold', 'Donald Bowman'),
(599, 'Joan Howell', 'Dorothy Fox', 'rhicksgl@ehow.com', 2, 'Scott Wallace', 'Ryan Hicks'),
(600, 'Elizabeth Owens', 'Kevin Torres', 'nrobinsongm@google.com.hk', 5, 'Irene Greene', 'Nancy Robinson'),
(601, 'Donald Lopez', 'Mildred Ray', 'bbarnesgn@pcworld.com', 4, 'Joyce Price', 'Barbara Barnes'),
(602, 'Marie Stanley', 'Lawrence Pierce', 'nruizgo@comcast.net', 1, 'Douglas Ellis', 'Nicholas Ruiz'),
(603, 'Beverly Fowler', 'Timothy Diaz', 'jhillgp@jiathis.com', 5, 'Doris Morgan', 'Joyce Hill'),
(604, 'Shawn Mills', 'Lillian Price', 'handrewsgq@jugem.jp', 5, 'Donald Patterson', 'Helen Andrews'),
(605, 'Angela Stone', 'Fred Simpson', 'mharpergr@jugem.jp', 5, 'Emily Hanson', 'Mary Harper'),
(606, 'Ronald Martin', 'Steven Henderson', 'rlewisgs@storify.com', 2, 'Billy Fowler', 'Randy Lewis'),
(607, 'Karen James', 'Matthew Scott', 'llonggt@wiley.com', 6, 'Samuel Pierce', 'Lois Long'),
(608, 'Deborah Perkins', 'Eric Young', 'druizgu@storify.com', 1, 'Thomas Woods', 'Doris Ruiz'),
(609, 'Bonnie Diaz', 'Christopher Fuller', 'cwilsongv@ed.gov', 4, 'Steven Peterson', 'Clarence Wilson'),
(610, 'Harold Mills', 'Henry Daniels', 'wcrawfordgw@wufoo.com', 1, 'Larry Rose', 'Walter Crawford'),
(611, 'Margaret Patterson', 'Carlos Rivera', 'gramosgx@squarespace.com', 4, 'Adam Gardner', 'Gerald Ramos'),
(612, 'Gary Duncan', 'Antonio Wells', 'rthomasgy@alexa.com', 5, 'Beverly Simmons', 'Ronald Thomas'),
(613, 'Craig Crawford', 'Sarah Sullivan', 'jwatsongz@senate.gov', 1, 'Janice Mendoza', 'Joshua Watson'),
(614, 'Jean Castillo', 'Keith Riley', 'bkingh0@slashdot.org', 1, 'Gloria Castillo', 'Benjamin King'),
(615, 'Jack Collins', 'Ruby Harris', 'rbellh1@java.com', 3, 'Steve Oliver', 'Randy Bell'),
(616, 'Christina Harper', 'Aaron Gibson', 'jromeroh2@rambler.ru', 2, 'Carlos Lewis', 'Jerry Romero'),
(617, 'Johnny Lewis', 'Jeffrey Sims', 'cberryh3@si.edu', 3, 'Lisa Willis', 'Carol Berry'),
(618, 'Benjamin Patterson', 'Kenneth Howell', 'rwesth4@alexa.com', 1, 'Daniel Reed', 'Russell West'),
(619, 'Laura Ruiz', 'Juan Harrison', 'lhamiltonh5@wsj.com', 1, 'Amy Martinez', 'Lois Hamilton'),
(620, 'Mary Chapman', 'Jerry Perez', 'jgranth6@google.cn', 5, 'Jennifer Franklin', 'John Grant'),
(621, 'Ruby Cox', 'Anthony Rose', 'lgardnerh7@ibm.com', 6, 'Lisa Kelly', 'Lillian Gardner'),
(622, 'Bonnie Turner', 'Stephen Wallace', 'tburkeh8@free.fr', 5, 'Karen Crawford', 'Terry Burke'),
(623, 'Mary Johnston', 'Joan Ferguson', 'dmorganh9@dyndns.org', 4, 'Harry Morrison', 'Douglas Morgan'),
(624, 'Shawn Dunn', 'Rebecca Castillo', 'jshawha@ebay.co.uk', 5, 'Bonnie Nichols', 'Judith Shaw'),
(625, 'Steve Burke', 'David Day', 'dtaylorhb@wikipedia.org', 5, 'Gloria Gutierrez', 'Denise Taylor'),
(626, 'Jane Diaz', 'Jeffrey Ruiz', 'dgarciahc@yolasite.com', 3, 'Phyllis Weaver', 'Debra Garcia'),
(627, 'Margaret Stanley', 'Andrew Willis', 'awilsonhd@php.net', 6, 'Anthony Washington', 'Aaron Wilson'),
(628, 'Richard Matthews', 'Bruce Henry', 'jfieldshe@ft.com', 6, 'Jeffrey Thomas', 'Jose Fields'),
(629, 'Robin Harrison', 'Steven Reyes', 'vperryhf@bbb.org', 4, 'Ruby Stone', 'Victor Perry'),
(630, 'Wayne Henry', 'Denise Mcdonald', 'gstephenshg@1und1.de', 1, 'Janice Diaz', 'George Stephens'),
(631, 'Roy Nelson', 'Chris Kennedy', 'anguyenhh@census.gov', 6, 'Harry Sanchez', 'Ann Nguyen'),
(632, 'Tammy Medina', 'Laura Peters', 'mleehi@go.com', 2, 'Benjamin Willis', 'Michael Lee'),
(633, 'Sean Ryan', 'Phyllis Scott', 'jwoodhj@unc.edu', 3, 'Daniel Bryant', 'Joseph Wood'),
(634, 'Arthur Johnson', 'Lori Ray', 'jburnshk@dedecms.com', 5, 'Aaron Gomez', 'Jimmy Burns'),
(635, 'Doris Morris', 'Lois Morgan', 'cphillipshl@stanford.edu', 1, 'John Chavez', 'Carol Phillips'),
(636, 'Dorothy Moreno', 'Teresa Bradley', 'tchapmanhm@google.nl', 5, 'Willie Palmer', 'Theresa Chapman'),
(637, 'Katherine Perkins', 'Michelle Stephens', 'rwoodhn@mail.ru', 1, 'Eugene Howard', 'Russell Wood'),
(638, 'Roger Thomas', 'Phyllis Morgan', 'jwestho@prlog.org', 4, 'Eric Jenkins', 'Janice West'),
(639, 'Theresa Stone', 'Roy Elliott', 'asnyderhp@clickbank.net', 6, 'Aaron Gutierrez', 'Alan Snyder'),
(640, 'Wayne Hawkins', 'Teresa Jenkins', 'belliotthq@go.com', 2, 'Earl Matthews', 'Brian Elliott'),
(641, 'Justin Wilson', 'Brian King', 'jmorenohr@simplemachines.org', 4, 'Jennifer Patterson', 'Joshua Moreno'),
(642, 'Andrew Fernandez', 'Joseph Stephens', 'sbryanths@multiply.com', 1, 'Christina Day', 'Stephanie Bryant'),
(643, 'James Lawrence', 'Antonio Phillips', 'tduncanht@stumbleupon.com', 4, 'Patrick Mills', 'Theresa Duncan'),
(644, 'Gerald Miller', 'Marie Reyes', 'slopezhu@jiathis.com', 6, 'Brian Henderson', 'Steve Lopez'),
(645, 'Katherine Lynch', 'Kathy Hawkins', 'bmurphyhv@1und1.de', 2, 'Lisa Taylor', 'Brenda Murphy'),
(646, 'Lori Cooper', 'Martin Sanders', 'bsimshw@hexun.com', 5, 'Brenda Gutierrez', 'Brian Sims'),
(647, 'Gary Green', 'Wanda Perez', 'dwoodhx@cyberchimps.com', 2, 'Doris Sanchez', 'Deborah Wood'),
(648, 'Chris Daniels', 'Stephanie Ferguson', 'agriffinhy@scribd.com', 2, 'Kelly Allen', 'Arthur Griffin'),
(649, 'Gerald Williamson', 'Eric Willis', 'jharrishz@shop-pro.jp', 1, 'Christine Ramos', 'Jack Harris'),
(650, 'Andrew Kelley', 'Jonathan Russell', 'akingi0@theguardian.com', 6, 'Angela Brooks', 'Amanda King'),
(651, 'Adam Franklin', 'Judith Wheeler', 'grichardsoni1@europa.eu', 5, 'Adam Mason', 'George Richardson'),
(652, 'Craig Adams', 'Gregory Matthews', 'mcolemani2@seattletimes.com', 6, 'Stephen Wheeler', 'Mary Coleman'),
(653, 'Irene Richardson', 'Joan Lane', 'sreedi3@mlb.com', 3, 'Pamela Collins', 'Sandra Reed'),
(654, 'Teresa Walker', 'Bonnie Lee', 'dkingi4@cyberchimps.com', 5, 'Beverly Harvey', 'Daniel King'),
(655, 'Lois Gibson', 'Todd Austin', 'vmatthewsi5@booking.com', 3, 'Evelyn Watson', 'Victor Matthews'),
(656, 'Dorothy Alvarez', 'Frank Lawson', 'ktorresi6@google.com.br', 1, 'Mildred Moreno', 'Keith Torres'),
(657, 'Eric Lopez', 'Margaret Lynch', 'pandersoni7@princeton.edu', 5, 'Tammy Walker', 'Phyllis Anderson'),
(658, 'Nancy Burns', 'Robert Kennedy', 'lramirezi8@webnode.com', 2, 'Marilyn Castillo', 'Lisa Ramirez'),
(659, 'Randy Hunt', 'Joseph Hart', 'lgarzai9@miibeian.gov.cn', 6, 'Randy Clark', 'Lillian Garza'),
(660, 'Gary Washington', 'Adam Butler', 'jrussellia@amazon.co.uk', 3, 'Robin Castillo', 'Jimmy Russell'),
(661, 'Melissa Price', 'Janice Allen', 'afullerib@redcross.org', 1, 'Christina Ferguson', 'Albert Fuller'),
(662, 'Annie Smith', 'Joyce Dunn', 'kwelchic@goo.ne.jp', 1, 'Diana Weaver', 'Kathy Welch'),
(663, 'Todd Daniels', 'Dorothy Bailey', 'twatsonid@tmall.com', 1, 'Tammy Garcia', 'Todd Watson'),
(664, 'Stephen Long', 'Gary Patterson', 'evasquezie@chronoengine.com', 3, 'Brenda Gonzalez', 'Edward Vasquez'),
(665, 'Patricia Morrison', 'Amanda Olson', 'kharrisif@soup.io', 3, 'Brian Jackson', 'Katherine Harris'),
(666, 'Terry Fields', 'Stephanie Hill', 'jweaverig@51.la', 6, 'Rachel Peterson', 'Jessica Weaver'),
(667, 'Roger James', 'Wanda Reynolds', 'dwilliamsih@about.me', 6, 'Michelle Gomez', 'Deborah Williams'),
(668, 'Betty Perez', 'Gary Nguyen', 'hfernandezii@hc360.com', 4, 'Gregory Cox', 'Howard Fernandez'),
(669, 'Diana Bailey', 'Walter Taylor', 'afieldsij@about.com', 3, 'Cheryl Welch', 'Amanda Fields'),
(670, 'Anna Bowman', 'Sharon George', 'dnelsonik@yahoo.co.jp', 4, 'Adam Bradley', 'Denise Nelson'),
(671, 'Roger Willis', 'Larry James', 'jfranklinil@altervista.org', 1, 'James Kim', 'Jimmy Franklin'),
(672, 'Mildred Coleman', 'Nicole Gonzalez', 'agrayim@theguardian.com', 2, 'Kathleen Dunn', 'Albert Gray'),
(673, 'Keith Fox', 'Douglas Green', 'lvasquezin@omniture.com', 3, 'Clarence Little', 'Lillian Vasquez'),
(674, 'Clarence Rivera', 'Amy Patterson', 'tchapmanio@aboutads.info', 5, 'Sara Webb', 'Todd Chapman'),
(675, 'David Austin', 'Patricia Burke', 'brobertsonip@cnn.com', 3, 'Katherine Simmons', 'Brandon Robertson'),
(676, 'Deborah Gonzales', 'Diane Barnes', 'bhawkinsiq@skyrock.com', 3, 'Mary Knight', 'Bobby Hawkins'),
(677, 'Martha Woods', 'Fred Berry', 'jreynoldsir@de.vu', 3, 'Bruce Watson', 'Jason Reynolds'),
(678, 'Jeffrey Ruiz', 'Harold Gray', 'jlongis@nymag.com', 2, 'Russell Mills', 'Jacqueline Long'),
(679, 'Samuel Peters', 'Sandra Rogers', 'ifergusonit@drupal.org', 1, 'Eugene Johnson', 'Irene Ferguson'),
(680, 'Christine Sims', 'Amanda Ramirez', 'rharperiu@webs.com', 5, 'Cheryl Hughes', 'Roger Harper'),
(681, 'Elizabeth Chavez', 'Aaron Gutierrez', 'tcooperiv@devhub.com', 3, 'Nancy Harvey', 'Terry Cooper'),
(682, 'Shawn Oliver', 'Rachel Williams', 'aschmidtiw@ask.com', 6, 'Karen Fernandez', 'Alan Schmidt'),
(683, 'Debra Cruz', 'Evelyn Martin', 'amoralesix@addtoany.com', 3, 'Jack Simpson', 'Andrea Morales'),
(684, 'Donna Hunter', 'Carolyn Burton', 'ascottiy@cargocollective.com', 2, 'Ruth Hunter', 'Angela Scott'),
(685, 'Linda Watkins', 'Lisa Ramirez', 'dbryantiz@bizjournals.com', 4, 'Earl Alvarez', 'Diana Bryant'),
(686, 'Norma Alvarez', 'Jeffrey Wood', 'rclarkj0@livejournal.com', 6, 'Jimmy Duncan', 'Ruby Clark'),
(687, 'Marie Kelley', 'Edward Edwards', 'dalvarezj1@hibu.com', 6, 'Steve Rogers', 'Dorothy Alvarez'),
(688, 'Helen Owens', 'Julie Sanchez', 'afernandezj2@washington.edu', 2, 'Marilyn Daniels', 'Alice Fernandez'),
(689, 'Roger Foster', 'Daniel Gray', 'kblackj3@cocolog-nifty.com', 2, 'Julia Gonzalez', 'Kathy Black'),
(690, 'Sandra Johnson', 'Pamela Ross', 'jrogersj4@godaddy.com', 5, 'Christine Reid', 'Jason Rogers'),
(691, 'Tina Bishop', 'Ruth Ruiz', 'gowensj5@google.com.au', 1, 'Carl Lopez', 'Gerald Owens'),
(692, 'George Fowler', 'Peter Gardner', 'phillj6@weebly.com', 6, 'Angela Weaver', 'Paula Hill'),
(693, 'Jesse Harvey', 'Judy Ferguson', 'khayesj7@dedecms.com', 1, 'Juan Washington', 'Kevin Hayes'),
(694, 'Diane Tucker', 'Jack Ward', 'lwheelerj8@bing.com', 3, 'Lois James', 'Louis Wheeler'),
(695, 'Larry Mccoy', 'Harold Jordan', 'gharrisj9@amazon.com', 6, 'Frank Gonzalez', 'Gloria Harris'),
(696, 'Roger Elliott', 'Marie Miller', 'abradleyja@blogspot.com', 6, 'Michael Henderson', 'Ann Bradley'),
(697, 'Betty Rice', 'Kenneth Kelley', 'crichardsonjb@studiopress.com', 2, 'Stephanie Day', 'Cynthia Richardson'),
(698, 'Debra Spencer', 'Justin Burton', 'amoralesjc@ihg.com', 3, 'Mildred Chapman', 'Arthur Morales'),
(699, 'Carolyn Hansen', 'Sarah Ramos', 'ccarrjd@loc.gov', 6, 'Fred Lawson', 'Charles Carr'),
(700, 'Gloria Perez', 'Tammy Gordon', 'smurrayje@smh.com.au', 2, 'Donna Stephens', 'Stephen Murray'),
(701, 'Norma Wheeler', 'Justin Rodriguez', 'eharperjf@oracle.com', 3, 'Louise Willis', 'Evelyn Harper'),
(702, 'Karen Duncan', 'Bruce Collins', 'tbrooksjg@webeden.co.uk', 5, 'Kevin Brooks', 'Terry Brooks'),
(703, 'Samuel George', 'Ronald Long', 'psanchezjh@vkontakte.ru', 2, 'Harold Simmons', 'Pamela Sanchez'),
(704, 'Brian Shaw', 'Gary Hughes', 'dcarpenterji@123-reg.co.uk', 1, 'Jeremy Daniels', 'Deborah Carpenter'),
(705, 'Christina Rodriguez', 'Matthew Jordan', 'dfoxjj@clickbank.net', 3, 'Sean Sims', 'David Fox'),
(706, 'Nicholas Rogers', 'Angela Castillo', 'sreedjk@indiatimes.com', 6, 'Cynthia Perkins', 'Shawn Reed'),
(707, 'Beverly Cole', 'Roy Peters', 'eromerojl@hc360.com', 1, 'Marie Allen', 'Elizabeth Romero'),
(708, 'Robert Arnold', 'Jacqueline Hawkins', 'pwalkerjm@infoseek.co.jp', 2, 'Ann Wood', 'Paul Walker'),
(709, 'Kathy Stanley', 'Philip Woods', 'jrichardsjn@wisc.edu', 6, 'Billy Mcdonald', 'Julia Richards'),
(710, 'Judy Stephens', 'Ann Ruiz', 'bsimpsonjo@chron.com', 6, 'John Parker', 'Bobby Simpson'),
(711, 'Michael Stewart', 'Gary Fisher', 'iwellsjp@theglobeandmail.com', 2, 'Kathy Cole', 'Irene Wells'),
(712, 'Jerry Mccoy', 'Alan Peters', 'aolsonjq@bloglovin.com', 3, 'Margaret Watkins', 'Anthony Olson'),
(713, 'Chris Barnes', 'Earl Johnson', 'elongjr@pinterest.com', 2, 'Roger Larson', 'Edward Long'),
(714, 'Jane Washington', 'Lori Miller', 'rbradleyjs@marketwatch.com', 2, 'Lois Stone', 'Roy Bradley'),
(715, 'Carol Vasquez', 'Rebecca Schmidt', 'wjohnstonjt@ezinearticles.com', 1, 'Gloria Garrett', 'William Johnston'),
(716, 'Nicholas Black', 'Terry Morales', 'arayju@ycombinator.com', 2, 'Elizabeth Kennedy', 'Albert Ray'),
(717, 'Ernest Simmons', 'Jennifer Johnson', 'fwoodjv@zdnet.com', 1, 'Sandra Franklin', 'Frank Wood'),
(718, 'Victor Ruiz', 'Heather Taylor', 'bcooperjw@themeforest.net', 4, 'Christina Richardson', 'Brian Cooper'),
(719, 'Julia West', 'Jose Bryant', 'klongjx@studiopress.com', 3, 'Beverly Gray', 'Kathryn Long'),
(720, 'Harry Watkins', 'Jeffrey Hughes', 'mfowlerjy@hhs.gov', 4, 'Antonio Myers', 'Melissa Fowler'),
(721, 'Ashley Bowman', 'Stephen Reyes', 'ltuckerjz@skyrock.com', 2, 'Ruth Young', 'Lori Tucker'),
(722, 'Phillip Alvarez', 'Gerald Holmes', 'cwhitek0@bbb.org', 1, 'Cheryl Weaver', 'Christopher White'),
(723, 'Billy Gordon', 'Bobby Brooks', 'jwelchk1@weather.com', 5, 'Robert Ward', 'Jane Welch'),
(724, 'Craig Day', 'Patrick Stewart', 'sgeorgek2@issuu.com', 2, 'Irene Allen', 'Shirley George'),
(725, 'Antonio Ortiz', 'Joshua Carter', 'pgonzalesk3@altervista.org', 5, 'Amanda Sanders', 'Patrick Gonzales'),
(726, 'Jerry Rodriguez', 'Bruce Cook', 'jrichardsonk4@digg.com', 2, 'Deborah Henry', 'Joshua Richardson'),
(727, 'Michael West', 'Catherine Boyd', 'sarmstrongk5@mozilla.com', 1, 'Linda Tucker', 'Samuel Armstrong'),
(728, 'Michael Chavez', 'Fred Collins', 'rhayesk6@springer.com', 1, 'Ralph Campbell', 'Ruth Hayes'),
(729, 'Debra Rice', 'Jeffrey Castillo', 'pberryk7@deliciousdays.com', 1, 'Eugene Ramirez', 'Patricia Berry'),
(730, 'Kimberly Walker', 'Irene Mitchell', 'hnguyenk8@yahoo.co.jp', 4, 'Nicole Pierce', 'Henry Nguyen'),
(731, 'Jack Reyes', 'Maria Castillo', 'wwilliamsonk9@blogger.com', 4, 'Andrea Boyd', 'Willie Williamson'),
(732, 'Henry Hicks', 'Barbara Lane', 'mcunninghamka@ustream.tv', 5, 'Terry Matthews', 'Michelle Cunningham'),
(733, 'Judy Moreno', 'Ann Hicks', 'dgarrettkb@cbc.ca', 2, 'Rose King', 'Diana Garrett'),
(734, 'Philip Kelly', 'Todd Rivera', 'akingkc@github.io', 1, 'Angela Garza', 'Arthur King'),
(735, 'Michelle Miller', 'Kevin Collins', 'hramoskd@webnode.com', 1, 'Phyllis Fisher', 'Helen Ramos'),
(736, 'Robert Hunter', 'James Nichols', 'elawrenceke@amazon.co.uk', 3, 'Sarah Flores', 'Elizabeth Lawrence'),
(737, 'Joan Vasquez', 'Andrew Gonzalez', 'jpricekf@flickr.com', 6, 'Catherine Carpenter', 'Jeffrey Price'),
(738, 'Kathryn Foster', 'Richard Perez', 'kjenkinskg@adobe.com', 1, 'Nancy Gonzales', 'Kathleen Jenkins'),
(739, 'Michelle Garcia', 'Wayne Simmons', 'cschmidtkh@pbs.org', 6, 'Wanda Sullivan', 'Cheryl Schmidt'),
(740, 'Henry Chavez', 'Anna Ferguson', 'kgonzalezki@digg.com', 5, 'Andrea Schmidt', 'Kelly Gonzalez'),
(741, 'Martin Martinez', 'Carol Reyes', 'pcampbellkj@example.com', 1, 'Daniel Williams', 'Patrick Campbell'),
(742, 'Carlos Greene', 'Marilyn Mccoy', 'akimkk@ustream.tv', 2, 'Ashley Armstrong', 'Amanda Kim'),
(743, 'Kevin Crawford', 'Billy Howell', 'sandrewskl@nytimes.com', 5, 'Cynthia Nelson', 'Samuel Andrews'),
(744, 'Charles Tucker', 'Cheryl Cruz', 'rortizkm@github.com', 6, 'Beverly Gordon', 'Russell Ortiz'),
(745, 'Carlos Henderson', 'Lawrence Dunn', 'jricekn@qq.com', 5, 'Henry Moore', 'Julia Rice'),
(746, 'Jose Romero', 'Gerald Henderson', 'ebradleyko@hhs.gov', 1, 'Martha James', 'Eric Bradley'),
(747, 'Christine Evans', 'Melissa Romero', 'crodriguezkp@cam.ac.uk', 4, 'Rose Sanchez', 'Carl Rodriguez'),
(748, 'Anna Simmons', 'Ernest Jenkins', 'jburtonkq@elegantthemes.com', 1, 'Alan Ryan', 'Jack Burton'),
(749, 'Eric Bell', 'Phyllis Lopez', 'mrosskr@jalbum.net', 5, 'Joyce Scott', 'Martha Ross'),
(750, 'Benjamin Black', 'Nicholas Gonzales', 'gbennettks@yahoo.co.jp', 1, 'Carl Dean', 'Gerald Bennett'),
(751, 'Scott Hall', 'Jose Washington', 'ipiercekt@ocn.ne.jp', 3, 'Lois Roberts', 'Irene Pierce'),
(752, 'Billy Fields', 'Tina Murray', 'joliverku@miibeian.gov.cn', 4, 'Julia Long', 'Judy Oliver'),
(753, 'Jessica Bell', 'Teresa Mcdonald', 'tgomezkv@timesonline.co.uk', 1, 'Wanda Richardson', 'Tammy Gomez'),
(754, 'Rachel Peterson', 'Dennis Alvarez', 'kmartinkw@cdc.gov', 4, 'Brandon Rogers', 'Kathryn Martin'),
(755, 'Jeffrey Mendoza', 'Jonathan Garcia', 'ajohnstonkx@trellian.com', 2, 'Tammy Daniels', 'Arthur Johnston'),
(756, 'Virginia Watkins', 'Daniel Johnston', 'dhansenky@accuweather.com', 6, 'Paul Sanders', 'Deborah Hansen'),
(757, 'Ernest Russell', 'Randy Fox', 'rbaileykz@patch.com', 6, 'Paula Hayes', 'Robin Bailey'),
(758, 'Norma Stephens', 'Nancy Johnston', 'mjohnsonl0@wikipedia.org', 2, 'Wanda Sanders', 'Melissa Johnson'),
(759, 'Henry Williamson', 'Shawn Hudson', 'jreynoldsl1@cnbc.com', 2, 'Dennis Black', 'Jessica Reynolds'),
(760, 'Eric Martinez', 'Chris Kim', 'ppricel2@barnesandnoble.com', 4, 'Lois Sims', 'Paul Price'),
(761, 'Jason Harper', 'John Ross', 'tclarkl3@addtoany.com', 2, 'Philip Thomas', 'Todd Clark'),
(762, 'Carol Ward', 'Susan Stephens', 'vbarnesl4@arstechnica.com', 4, 'Betty Parker', 'Virginia Barnes'),
(763, 'Heather Gibson', 'Janice Freeman', 'dlanel5@pbs.org', 5, 'Randy Morgan', 'Diana Lane'),
(764, 'Craig Banks', 'Doris Murray', 'hkingl6@mozilla.org', 6, 'Janet Bishop', 'Harold King'),
(765, 'Joan Jones', 'Jose Bell', 'ifernandezl7@ycombinator.com', 6, 'Phillip Brown', 'Irene Fernandez'),
(766, 'Paul Hughes', 'Susan Lee', 'rromerol8@rambler.ru', 1, 'Ralph Andrews', 'Rebecca Romero'),
(767, 'Richard King', 'Joshua Bryant', 'jphillipsl9@biglobe.ne.jp', 4, 'Matthew Myers', 'Jean Phillips'),
(768, 'Timothy Mccoy', 'Henry Brown', 'sboydla@google.com.au', 2, 'Christopher Cox', 'Samuel Boyd'),
(769, 'Nicholas Henry', 'Gloria Richardson', 'sfranklinlb@foxnews.com', 2, 'Phyllis Nguyen', 'Sean Franklin'),
(770, 'Eugene Chapman', 'Anna Stephens', 'cruizlc@mlb.com', 4, 'Mary Alvarez', 'Catherine Ruiz'),
(771, 'Carolyn Perry', 'Kelly Gilbert', 'rgarciald@arizona.edu', 1, 'Shirley Thomas', 'Roy Garcia'),
(772, 'Betty Walker', 'Matthew Brooks', 'mperryle@sina.com.cn', 2, 'Betty Hamilton', 'Mary Perry'),
(773, 'Marie Rivera', 'Rebecca Stewart', 'skelleylf@123-reg.co.uk', 6, 'Robin Grant', 'Scott Kelley'),
(774, 'Anna Cole', 'Joseph Rivera', 'lgomezlg@dropbox.com', 5, 'Carol Jenkins', 'Linda Gomez'),
(775, 'Marilyn Burke', 'Shirley Andrews', 'dharrisonlh@sakura.ne.jp', 6, 'Lawrence Gilbert', 'Denise Harrison'),
(776, 'Marilyn Holmes', 'Jessica Parker', 'pperezli@biblegateway.com', 4, 'Alan Wheeler', 'Peter Perez'),
(777, 'Julia West', 'Lillian Harper', 'mgarrettlj@google.ca', 3, 'Ralph Olson', 'Mary Garrett'),
(778, 'Timothy Gonzalez', 'Eric Rodriguez', 'jwalkerlk@house.gov', 1, 'Cynthia Bowman', 'James Walker'),
(779, 'Jimmy Burke', 'Ryan Edwards', 'mwashingtonll@nature.com', 4, 'Dennis Simpson', 'Mildred Washington'),
(780, 'Lori Gibson', 'Antonio Gomez', 'vduncanlm@yandex.ru', 2, 'Nicole Harris', 'Victor Duncan'),
(781, 'Victor Campbell', 'Deborah Weaver', 'jfloresln@theguardian.com', 4, 'Alan Rivera', 'Jason Flores'),
(782, 'Amy Baker', 'Gregory Lee', 'rsanchezlo@wp.com', 1, 'Kelly Davis', 'Rachel Sanchez'),
(783, 'Howard Cox', 'Frances Fields', 'jmartinlp@themeforest.net', 2, 'Clarence Hart', 'Jerry Martin'),
(784, 'Kelly Tucker', 'Timothy Torres', 'ffordlq@oakley.com', 3, 'Julia Turner', 'Frances Ford'),
(785, 'Jonathan Collins', 'Heather Morales', 'dcolelr@paginegialle.it', 4, 'Carolyn Perkins', 'Deborah Cole'),
(786, 'Louis Peters', 'Wanda Ray', 'mporterls@weebly.com', 1, 'Kimberly Kim', 'Michelle Porter'),
(787, 'Ruby Wilson', 'Gerald Adams', 'mperkinslt@angelfire.com', 1, 'Aaron Cunningham', 'Melissa Perkins'),
(788, 'Doris Foster', 'Theresa Hudson', 'kchavezlu@pagesperso-orange.fr', 2, 'Randy Kim', 'Kelly Chavez'),
(789, 'Todd Holmes', 'Billy Schmidt', 'rhowardlv@altervista.org', 5, 'Patricia Carroll', 'Ryan Howard'),
(790, 'Anne Rice', 'Janice Duncan', 'rharperlw@hud.gov', 3, 'Catherine Berry', 'Robert Harper'),
(791, 'Virginia Gomez', 'Beverly Willis', 'kalexanderlx@state.tx.us', 5, 'Howard Hunter', 'Kimberly Alexander'),
(792, 'Frances Holmes', 'Carol Burton', 'fjohnsonly@is.gd', 1, 'Annie Black', 'Frank Johnson'),
(793, 'Carl Lewis', 'Lisa Chavez', 'lcollinslz@nytimes.com', 1, 'Shirley Reynolds', 'Laura Collins'),
(794, 'Justin Campbell', 'Julia Cook', 'jevansm0@bluehost.com', 2, 'Eugene Graham', 'Julie Evans'),
(795, 'Rose Matthews', 'Ralph Lopez', 'jolsonm1@miibeian.gov.cn', 6, 'Andrew Medina', 'James Olson'),
(796, 'Justin Kelley', 'Alice Carpenter', 'rholmesm2@canalblog.com', 5, 'Timothy Cox', 'Rose Holmes'),
(797, 'Jason Boyd', 'Wanda Oliver', 'baustinm3@blog.com', 5, 'Amanda Payne', 'Beverly Austin'),
(798, 'Jessica Peterson', 'Joan Morales', 'smyersm4@flickr.com', 3, 'Kelly Hamilton', 'Shawn Myers'),
(799, 'Tammy Porter', 'Teresa Bell', 'npricem5@dell.com', 3, 'Lori Lawrence', 'Nancy Price'),
(800, 'Jean Dunn', 'Rose Rogers', 'emartinm6@nih.gov', 6, 'Andrew Harvey', 'Eric Martin'),
(801, 'Bobby Cooper', 'Marie Griffin', 'dschmidtm7@ocn.ne.jp', 2, 'Henry Wilson', 'Daniel Schmidt'),
(802, 'Margaret Schmidt', 'Pamela Scott', 'egilbertm8@shutterfly.com', 4, 'Ashley Diaz', 'Emily Gilbert'),
(803, 'Clarence Vasquez', 'Paula Nguyen', 'soliverm9@shop-pro.jp', 1, 'Alice Price', 'Sharon Oliver'),
(804, 'Henry Burton', 'Frank Jones', 'pgrayma@blogtalkradio.com', 3, 'Kimberly Williams', 'Phillip Gray'),
(805, 'Charles Hunt', 'Bruce Harvey', 'jfieldsmb@freewebs.com', 2, 'Richard Johnson', 'Jose Fields'),
(806, 'Catherine Johnson', 'Julia Lopez', 'phawkinsmc@apple.com', 4, 'Marie Foster', 'Patrick Hawkins'),
(807, 'William Jordan', 'Debra Ramirez', 'pharpermd@github.com', 3, 'Joe Gray', 'Patricia Harper'),
(808, 'Keith Burke', 'Albert Carter', 'cmeyerme@xrea.com', 2, 'Denise Meyer', 'Chris Meyer'),
(809, 'Stephanie Mason', 'Patrick Kim', 'melliottmf@unc.edu', 2, 'Keith Little', 'Melissa Elliott'),
(810, 'Andrew Mitchell', 'Denise Williamson', 'kfoxmg@redcross.org', 2, 'Jonathan Adams', 'Kevin Fox'),
(811, 'Carl Burton', 'Cheryl Robinson', 'jhillmh@marriott.com', 4, 'Earl Snyder', 'Jerry Hill'),
(812, 'Mildred Jones', 'Diane Allen', 'aarmstrongmi@ox.ac.uk', 3, 'Sarah Vasquez', 'Amanda Armstrong'),
(813, 'Jose Gonzales', 'Diane Hughes', 'sjordanmj@oracle.com', 2, 'Gerald Gray', 'Stephanie Jordan'),
(814, 'David Wood', 'Earl Baker', 'jfloresmk@twitpic.com', 3, 'Julie Stevens', 'Joe Flores'),
(815, 'Frank Fuller', 'Fred Ross', 'awelchml@cam.ac.uk', 1, 'Albert Baker', 'Annie Welch'),
(816, 'Teresa Watkins', 'Andrea Hayes', 'gcarpentermm@usgs.gov', 6, 'Gloria Scott', 'Gary Carpenter'),
(817, 'Lori Weaver', 'Jessica Perry', 'ccunninghammn@sina.com.cn', 3, 'Sandra Grant', 'Christine Cunningham'),
(818, 'Betty Nichols', 'Kenneth Bradley', 'rwhitemo@fema.gov', 2, 'Tammy Shaw', 'Richard White'),
(819, 'Rachel Gardner', 'Ruby Simmons', 'jhowardmp@studiopress.com', 6, 'Jean Murray', 'Jacqueline Howard'),
(820, 'Jonathan Gutierrez', 'Shirley Young', 'kdixonmq@ehow.com', 4, 'Thomas Flores', 'Kelly Dixon'),
(821, 'Diana Jacobs', 'Matthew Bailey', 'nhicksmr@oracle.com', 6, 'Timothy Woods', 'Norma Hicks'),
(822, 'Jesse Ryan', 'Phyllis Moreno', 'chernandezms@qq.com', 2, 'Scott Watson', 'Cheryl Hernandez'),
(823, 'Brandon Myers', 'Debra Ferguson', 'bburkemt@google.co.uk', 2, 'Bobby West', 'Brenda Burke'),
(824, 'Jennifer Fields', 'Larry Schmidt', 'wgordonmu@comsenz.com', 4, 'Wanda Perry', 'Willie Gordon'),
(825, 'Betty Franklin', 'Kathy Larson', 'jmitchellmv@scribd.com', 4, 'Elizabeth Myers', 'Jean Mitchell'),
(826, 'Willie Holmes', 'Wayne Romero', 'hmoralesmw@flavors.me', 4, 'Evelyn Wagner', 'Harold Morales'),
(827, 'Joseph Freeman', 'Sharon Bowman', 'tmorganmx@java.com', 2, 'Emily Rose', 'Thomas Morgan'),
(828, 'Harold Perez', 'Laura Armstrong', 'rmitchellmy@spotify.com', 3, 'William James', 'Ronald Mitchell'),
(829, 'Wanda Harris', 'Susan Cunningham', 'jreyesmz@livejournal.com', 5, 'Christopher Kelly', 'Jennifer Reyes'),
(830, 'Kathryn Lynch', 'Cynthia Hunt', 'hfoxn0@statcounter.com', 1, 'Paul Reyes', 'Heather Fox'),
(831, 'Adam Dean', 'Jose Taylor', 'kthompsonn1@creativecommons.org', 5, 'Matthew Peterson', 'Kelly Thompson'),
(832, 'Jane Gibson', 'Ryan George', 'mwatsonn2@cisco.com', 2, 'Fred Wilson', 'Martha Watson'),
(833, 'Kelly Fowler', 'Joan Fowler', 'dwardn3@bandcamp.com', 4, 'Roger Gibson', 'Dennis Ward'),
(834, 'Michelle Myers', 'Louis Morgan', 'spaynen4@joomla.org', 2, 'Jimmy Parker', 'Sarah Payne'),
(835, 'Norma Rose', 'Daniel Foster', 'efergusonn5@scientificamerican.com', 3, 'Rachel Morris', 'Earl Ferguson'),
(836, 'Rose Butler', 'Julia Carter', 'jpattersonn6@cafepress.com', 5, 'Shawn Torres', 'Jesse Patterson'),
(837, 'Dennis Romero', 'Doris Harris', 'hwhiten7@comsenz.com', 6, 'Bruce Franklin', 'Harold White'),
(838, 'Stephanie Duncan', 'Roger Barnes', 'djohnstonn8@youtu.be', 6, 'Kelly Adams', 'Daniel Johnston'),
(839, 'Wanda Morris', 'Ruby Murphy', 'dcoxn9@elegantthemes.com', 5, 'Elizabeth Wood', 'Doris Cox'),
(840, 'Heather Parker', 'Ronald Payne', 'mcarpenterna@hao123.com', 5, 'Carlos Watkins', 'Martha Carpenter'),
(841, 'Joshua Olson', 'Martin Kennedy', 'jburnsnb@behance.net', 2, 'Jeffrey Olson', 'Joseph Burns'),
(842, 'Thomas Cunningham', 'Joan Greene', 'sandersonnc@harvard.edu', 2, 'George Stewart', 'Sharon Anderson'),
(843, 'Brian Brown', 'Douglas Gonzales', 'plongnd@deviantart.com', 3, 'Bonnie King', 'Patricia Long'),
(844, 'William Spencer', 'Rebecca Olson', 'irichardsonne@surveymonkey.com', 4, 'Michael Greene', 'Irene Richardson'),
(845, 'Walter Myers', 'Timothy Wilson', 'lphillipsnf@marriott.com', 1, 'Maria Murray', 'Lori Phillips'),
(846, 'Paula Cox', 'Frances Gutierrez', 'freedng@newsvine.com', 2, 'Ronald Carpenter', 'Frances Reed'),
(847, 'Barbara Kelley', 'Benjamin Griffin', 'amoralesnh@w3.org', 3, 'Edward Owens', 'Alan Morales'),
(848, 'Benjamin Hawkins', 'Jason Howell', 'kharperni@ca.gov', 5, 'Ashley Hudson', 'Kathleen Harper'),
(849, 'Barbara Peterson', 'Eric Watson', 'dwagnernj@google.pl', 5, 'Philip James', 'Diane Wagner'),
(850, 'Anthony Baker', 'Christine Morris', 'jgreennk@java.com', 4, 'Carol Roberts', 'James Green'),
(851, 'Sean Carter', 'Todd Wagner', 'cstanleynl@salon.com', 1, 'Donna King', 'Carlos Stanley'),
(852, 'Marie Dunn', 'Alice Reid', 'jbanksnm@oakley.com', 3, 'Phillip Ortiz', 'Jeffrey Banks'),
(853, 'Gloria Fields', 'Ashley Mitchell', 'dchapmannn@columbia.edu', 6, 'Tammy Thompson', 'Douglas Chapman'),
(854, 'Carlos Perkins', 'Rebecca Snyder', 'phansenno@blogspot.com', 2, 'Gregory Hicks', 'Paul Hansen'),
(855, 'Joan Lynch', 'Larry Schmidt', 'jcruznp@marriott.com', 4, 'Kenneth Baker', 'Joseph Cruz'),
(856, 'Janice Bowman', 'Bonnie Miller', 'jfergusonnq@pen.io', 2, 'Theresa Fields', 'Jimmy Ferguson'),
(857, 'Randy Hanson', 'Evelyn Jenkins', 'bstephensnr@plala.or.jp', 1, 'Pamela Berry', 'Benjamin Stephens'),
(858, 'Eugene Clark', 'Louise Hill', 'sbutlerns@squidoo.com', 1, 'Arthur Garza', 'Sarah Butler'),
(859, 'Kimberly Sanchez', 'Michelle Hall', 'cvasqueznt@vkontakte.ru', 5, 'Charles Bailey', 'Cheryl Vasquez'),
(860, 'Jason Cook', 'Donald Reed', 'efernandeznu@blogspot.com', 6, 'Arthur Miller', 'Elizabeth Fernandez'),
(861, 'Kimberly Oliver', 'Irene Foster', 'malvareznv@mapy.cz', 3, 'Richard Ryan', 'Melissa Alvarez'),
(862, 'Ruth Richardson', 'Brandon Pierce', 'cfranklinnw@census.gov', 5, 'Philip Lynch', 'Cheryl Franklin'),
(863, 'Robert Taylor', 'Walter Ellis', 'hjenkinsnx@ft.com', 6, 'Christine Hayes', 'Helen Jenkins'),
(864, 'George Lane', 'Dennis Miller', 'egrantny@dell.com', 3, 'Anna Robinson', 'Ernest Grant'),
(865, 'Michael Bishop', 'Russell Jenkins', 'kbarnesnz@wp.com', 1, 'Amanda Chapman', 'Kathryn Barnes'),
(866, 'Adam Kelley', 'Sandra Hicks', 'jhudsono0@theguardian.com', 4, 'Susan Shaw', 'Janet Hudson'),
(867, 'Robin Diaz', 'Thomas Morgan', 'dfergusono1@rakuten.co.jp', 5, 'Lois Riley', 'David Ferguson'),
(868, 'Stephen Rodriguez', 'Phyllis Tucker', 'ngrahamo2@purevolume.com', 1, 'Deborah Snyder', 'Nicholas Graham'),
(869, 'Philip Ramos', 'Clarence Greene', 'jstevenso3@techcrunch.com', 4, 'Jerry Lane', 'Jeffrey Stevens'),
(870, 'Joan Oliver', 'Judy Knight', 'jcarpentero4@shinystat.com', 3, 'Anthony Hill', 'Juan Carpenter'),
(871, 'Heather Stanley', 'Katherine Gonzales', 'wcoopero5@usda.gov', 2, 'Diane Howard', 'Wayne Cooper'),
(872, 'Amanda Morrison', 'Justin Robertson', 'jgrahamo6@prweb.com', 1, 'Carolyn Parker', 'James Graham'),
(873, 'Paul Collins', 'Karen Hamilton', 'nfloreso7@baidu.com', 1, 'Nancy Banks', 'Nicole Flores'),
(874, 'Patricia Kennedy', 'Diane Robertson', 'hfowlero8@ehow.com', 5, 'Kevin Young', 'Henry Fowler'),
(875, 'Bobby Thompson', 'Andrew Edwards', 'ldunno9@cloudflare.com', 6, 'George Robertson', 'Lois Dunn'),
(876, 'Thomas Knight', 'Frances Montgomery', 'jleeoa@archive.org', 4, 'Harry Burton', 'Janet Lee'),
(877, 'Jacqueline Gomez', 'Anthony Perry', 'mgilbertob@npr.org', 2, 'Phillip Powell', 'Mark Gilbert'),
(878, 'Carlos Reed', 'Jean Pierce', 'mkimoc@time.com', 6, 'Frances Hawkins', 'Marie Kim'),
(879, 'Nicholas Rose', 'Cheryl Ross', 'rmccoyod@google.com.br', 5, 'Melissa James', 'Ralph Mccoy'),
(880, 'Brian Wells', 'Dorothy Willis', 'jaustinoe@e-recht24.de', 1, 'Kathy Fisher', 'Jesse Austin'),
(881, 'Bobby Rice', 'Roy Anderson', 'kwoodof@nytimes.com', 2, 'Chris Burke', 'Karen Wood'),
(882, 'Eugene Kelley', 'Christina Dunn', 'tandersonog@hc360.com', 3, 'Dorothy Oliver', 'Terry Anderson'),
(883, 'Gloria Allen', 'Dorothy Hawkins', 'ashawoh@mysql.com', 5, 'Lois Howard', 'Andrew Shaw'),
(884, 'Aaron Daniels', 'Anna Hanson', 'amarshalloi@irs.gov', 1, 'Frances Weaver', 'Annie Marshall'),
(885, 'Douglas Stewart', 'Sharon Jackson', 'lstanleyoj@pcworld.com', 4, 'Brandon Kelley', 'Lillian Stanley'),
(886, 'Jacqueline Jordan', 'Nancy Ramirez', 'aallenok@dyndns.org', 3, 'Patrick Ramirez', 'Angela Allen'),
(887, 'Gloria Armstrong', 'Raymond Hansen', 'prichardsol@marketwatch.com', 3, 'Richard Hunter', 'Patrick Richards'),
(888, 'Alice Matthews', 'Arthur Johnson', 'rhicksom@hubpages.com', 3, 'Sarah Wright', 'Ralph Hicks'),
(889, 'Katherine Walker', 'Joseph Kelley', 'jbankson@dailymail.co.uk', 5, 'Carolyn Wood', 'Justin Banks'),
(890, 'Wayne Griffin', 'Diana Jenkins', 'mburkeoo@tuttocitta.it', 4, 'Jason Howell', 'Martin Burke'),
(891, 'Tina Butler', 'Sara Flores', 'jpriceop@shareasale.com', 5, 'Betty Phillips', 'John Price'),
(892, 'Gregory Lawrence', 'Kelly Williams', 'pmorrisonoq@is.gd', 3, 'Stephanie Porter', 'Pamela Morrison'),
(893, 'Ann Perez', 'Arthur Gibson', 'erayor@google.ca', 2, 'Barbara Clark', 'Eugene Ray'),
(894, 'Victor Nelson', 'Lillian Morrison', 'dhawkinsos@woothemes.com', 3, 'Patricia Weaver', 'Diane Hawkins'),
(895, 'Theresa Wheeler', 'Kathryn Reyes', 'truizot@answers.com', 5, 'Brenda Howard', 'Tammy Ruiz'),
(896, 'Carl Gordon', 'Stephanie Kelley', 'lmontgomeryou@ibm.com', 1, 'Julie Kim', 'Linda Montgomery'),
(897, 'Norma Davis', 'Katherine Kelly', 'rtuckerov@i2i.jp', 6, 'Charles Ferguson', 'Robert Tucker'),
(898, 'Frank Graham', 'Frank Stanley', 'mcarrollow@wsj.com', 2, 'George Morris', 'Mildred Carroll'),
(899, 'Andrea Kim', 'Teresa Schmidt', 'swestox@nbcnews.com', 3, 'Edward Kelly', 'Sarah West'),
(900, 'Frances Ryan', 'Ruth Freeman', 'hrichardsonoy@goo.gl', 2, 'Catherine White', 'Howard Richardson'),
(901, 'Dennis Ford', 'Patricia Griffin', 'sburkeoz@sohu.com', 2, 'Clarence Baker', 'Samuel Burke'),
(902, 'Jerry Marshall', 'Willie Dixon', 'cshawp0@tiny.cc', 1, 'Jessica Rice', 'Carolyn Shaw'),
(903, 'Henry Coleman', 'Michelle Matthews', 'mmoralesp1@sciencedaily.com', 1, 'Deborah Stone', 'Michael Morales'),
(904, 'Martin Robinson', 'Heather Boyd', 'redwardsp2@shinystat.com', 3, 'Deborah Hall', 'Richard Edwards'),
(905, 'Cynthia Stanley', 'Sharon Price', 'ecruzp3@reuters.com', 2, 'Charles Nguyen', 'Eric Cruz'),
(906, 'Kathy Peters', 'Wayne Perkins', 'bschmidtp4@imdb.com', 5, 'Ryan Willis', 'Billy Schmidt'),
(907, 'Alan George', 'Teresa Patterson', 'mfowlerp5@wiley.com', 5, 'Jeffrey Peters', 'Margaret Fowler'),
(908, 'Chris Jones', 'Theresa Dixon', 'dwheelerp6@parallels.com', 6, 'Carlos Dunn', 'Dorothy Wheeler'),
(909, 'Tina Schmidt', 'Brenda Young', 'cperezp7@opensource.org', 3, 'Brandon Ray', 'Catherine Perez'),
(910, 'Carlos Adams', 'Laura Weaver', 'lmccoyp8@google.cn', 1, 'Daniel Nguyen', 'Lawrence Mccoy'),
(911, 'Keith Mccoy', 'Cynthia Fernandez', 'nkellyp9@unesco.org', 6, 'Amanda Cole', 'Nicole Kelly'),
(912, 'Carol Mitchell', 'Sarah Graham', 'mleepa@ow.ly', 2, 'Robin Medina', 'Mary Lee'),
(913, 'Clarence Patterson', 'Sara Montgomery', 'gjacksonpb@springer.com', 1, 'Clarence Foster', 'Gloria Jackson'),
(914, 'Christine Roberts', 'Billy Little', 'dramirezpc@soup.io', 6, 'Dorothy George', 'Doris Ramirez'),
(915, 'Henry Grant', 'Douglas Carpenter', 'jruizpd@so-net.ne.jp', 6, 'Joshua Arnold', 'Jason Ruiz'),
(916, 'Todd Fowler', 'Clarence Phillips', 'rdaype@cocolog-nifty.com', 1, 'Tina Myers', 'Raymond Day'),
(917, 'Jonathan Morrison', 'Jonathan Cox', 'jgonzalezpf@feedburner.com', 1, 'Beverly Reed', 'Johnny Gonzalez'),
(918, 'Willie Phillips', 'Bobby Harvey', 'cgreenpg@fastcompany.com', 3, 'Adam Porter', 'Chris Green'),
(919, 'Ernest Gilbert', 'Andrea Gordon', 'lwalkerph@nationalgeographic.com', 3, 'Frank Patterson', 'Larry Walker'),
(920, 'Susan Ross', 'Walter Cole', 'tmendozapi@sohu.com', 6, 'Douglas Ryan', 'Thomas Mendoza'),
(921, 'Jeremy Carroll', 'Ryan Perry', 'ccolemanpj@vinaora.com', 6, 'Robin Gomez', 'Carl Coleman'),
(922, 'Ryan Bowman', 'Rebecca King', 'evasquezpk@ocn.ne.jp', 2, 'Linda Hayes', 'Evelyn Vasquez'),
(923, 'Doris Harvey', 'Rebecca Arnold', 'prussellpl@elegantthemes.com', 1, 'Kathleen Richards', 'Phillip Russell'),
(924, 'Phillip Wallace', 'Anne Anderson', 'djohnstonpm@wordpress.org', 5, 'Frances Evans', 'Donald Johnston'),
(925, 'Joseph Richardson', 'Jeremy Day', 'tlittlepn@home.pl', 6, 'Ralph Fernandez', 'Tina Little'),
(926, 'Peter Schmidt', 'Russell Spencer', 'bfosterpo@abc.net.au', 6, 'Nancy Harvey', 'Billy Foster'),
(927, 'Frances Hudson', 'Irene Fisher', 'dbradleypp@tumblr.com', 6, 'Victor Black', 'Diana Bradley'),
(928, 'Doris Ross', 'Robert Perry', 'hhowellpq@icio.us', 6, 'Brenda Owens', 'Howard Howell'),
(929, 'Susan Russell', 'David Matthews', 'rgrahampr@abc.net.au', 1, 'Denise Howard', 'Ruby Graham'),
(930, 'Annie Jenkins', 'Harold George', 'hwheelerps@edublogs.org', 6, 'Douglas Smith', 'Howard Wheeler'),
(931, 'Martha Warren', 'Robert Dunn', 'ahudsonpt@xinhuanet.com', 6, 'Harold Martin', 'Alan Hudson'),
(932, 'Ronald Hicks', 'Andrea Rice', 'wjenkinspu@skype.com', 5, 'Antonio Stone', 'Wayne Jenkins'),
(933, 'Juan Phillips', 'Phillip Moreno', 'rwardpv@mozilla.com', 6, 'Steve Vasquez', 'Robert Ward'),
(934, 'Shawn Woods', 'Shirley Young', 'jmillerpw@friendfeed.com', 2, 'Nicholas Cox', 'Julia Miller'),
(935, 'Rachel Moore', 'Fred Medina', 'kolsonpx@delicious.com', 3, 'Kimberly Torres', 'Kathleen Olson'),
(936, 'Michael Hart', 'Raymond Matthews', 'cgriffinpy@time.com', 2, 'Diane Wallace', 'Catherine Griffin'),
(937, 'Joshua Carr', 'Joe Taylor', 'bmorrispz@a8.net', 2, 'Phyllis Miller', 'Bonnie Morris'),
(938, 'Brenda Black', 'Richard Myers', 'ecruzq0@wikimedia.org', 5, 'Rose Wells', 'Elizabeth Cruz'),
(939, 'Angela Gutierrez', 'Brian Riley', 'carnoldq1@nifty.com', 6, 'Howard Anderson', 'Carl Arnold'),
(940, 'Brenda Fox', 'Margaret Carroll', 'jgibsonq2@webmd.com', 6, 'Shawn Fisher', 'Jessica Gibson'),
(941, 'Christopher Oliver', 'Kevin Tucker', 'tscottq3@elpais.com', 1, 'Roger George', 'Todd Scott'),
(942, 'John Flores', 'Diana Vasquez', 'ccunninghamq4@mail.ru', 2, 'John Elliott', 'Carol Cunningham'),
(943, 'Lois Wheeler', 'Adam Wilson', 'wpattersonq5@com.com', 3, 'Scott Howell', 'Walter Patterson'),
(944, 'David Mills', 'Edward Cunningham', 'dberryq6@squarespace.com', 5, 'Lois Weaver', 'Donna Berry'),
(945, 'Joe Rodriguez', 'Benjamin Hunter', 'sdiazq7@amazon.co.jp', 3, 'Steven Reid', 'Stephanie Diaz'),
(946, 'Frances Crawford', 'Heather Young', 'mwilliamsonq8@tuttocitta.it', 3, 'Cynthia Black', 'Marilyn Williamson'),
(947, 'Marie Lee', 'Rachel Arnold', 'bbarnesq9@godaddy.com', 5, 'Johnny Morrison', 'Bruce Barnes'),
(948, 'Clarence Ramos', 'Andrea Matthews', 'mstoneqa@blogtalkradio.com', 6, 'Angela Thompson', 'Melissa Stone'),
(949, 'Barbara Murray', 'Joan Little', 'ckennedyqb@samsung.com', 6, 'Carl Lewis', 'Cheryl Kennedy'),
(950, 'Samuel Rodriguez', 'Howard Snyder', 'cwilliamsqc@usgs.gov', 5, 'Julie Welch', 'Charles Williams'),
(951, 'Howard Alvarez', 'Bonnie Knight', 'ereedqd@ocn.ne.jp', 3, 'Harold Kennedy', 'Eugene Reed'),
(952, 'Arthur Hudson', 'Juan Diaz', 'bvasquezqe@un.org', 6, 'Phyllis Moreno', 'Bobby Vasquez'),
(953, 'Tina Kennedy', 'Judith Howard', 'emendozaqf@networkadvertising.org', 5, 'Paul Perkins', 'Ernest Mendoza'),
(954, 'Lillian Hunt', 'Chris Gordon', 'gcarrqg@issuu.com', 4, 'Albert Harper', 'Gloria Carr'),
(955, 'Julia Williams', 'Henry Andrews', 'jleeqh@booking.com', 2, 'Ruth Bradley', 'Joe Lee'),
(956, 'Donna Webb', 'Benjamin Anderson', 'pkelleyqi@google.es', 4, 'Anthony Reyes', 'Phillip Kelley'),
(957, 'Judy Stephens', 'Patricia Warren', 'tdiazqj@mashable.com', 1, 'Tina Boyd', 'Theresa Diaz'),
(958, 'Fred Hart', 'Kevin Fields', 'bspencerqk@printfriendly.com', 3, 'Adam Sims', 'Benjamin Spencer'),
(959, 'Terry Burton', 'Robert Richards', 'mcooperql@nsw.gov.au', 3, 'Aaron Ray', 'Maria Cooper'),
(960, 'Steve West', 'Matthew Hawkins', 'jandrewsqm@deviantart.com', 2, 'William West', 'Jonathan Andrews'),
(961, 'Jose Allen', 'Tammy Wells', 'rgibsonqn@printfriendly.com', 6, 'Thomas Mitchell', 'Ralph Gibson'),
(962, 'Earl Barnes', 'Bruce Banks', 'hfowlerqo@weather.com', 5, 'Douglas Wells', 'Harry Fowler'),
(963, 'Steve Fox', 'Deborah George', 'aruizqp@vimeo.com', 2, 'Paul Franklin', 'Angela Ruiz'),
(964, 'Phyllis Simpson', 'Aaron Sanders', 'aalexanderqq@amazon.com', 2, 'Clarence Campbell', 'Anne Alexander'),
(965, 'Denise Harrison', 'Chris Hunter', 'cwelchqr@mashable.com', 6, 'Adam Watkins', 'Chris Welch'),
(966, 'Justin Webb', 'Terry Fernandez', 'lgrantqs@usnews.com', 6, 'Catherine Burke', 'Laura Grant'),
(967, 'Dorothy Gutierrez', 'Ronald Reynolds', 'egutierrezqt@qq.com', 1, 'Rachel Lopez', 'Eric Gutierrez'),
(968, 'Ryan Wagner', 'Jerry Arnold', 'kmatthewsqu@telegraph.co.uk', 5, 'Bruce Owens', 'Kathleen Matthews'),
(969, 'Cheryl Castillo', 'Sara Washington', 'nhamiltonqv@over-blog.com', 3, 'Clarence Spencer', 'Nancy Hamilton'),
(970, 'Steven Matthews', 'George Lane', 'ahicksqw@homestead.com', 1, 'Howard Chavez', 'Arthur Hicks'),
(971, 'Stephanie Perkins', 'Patrick Green', 'tlaneqx@wsj.com', 5, 'Norma Fields', 'Timothy Lane'),
(972, 'James Pierce', 'Timothy Shaw', 'mellisqy@jalbum.net', 2, 'Laura Ross', 'Michelle Ellis'),
(973, 'Harry Riley', 'Todd Greene', 'kchavezqz@google.ca', 3, 'John Richardson', 'Kevin Chavez'),
(974, 'Melissa Porter', 'Antonio Wells', 'randersonr0@va.gov', 2, 'Carolyn Alvarez', 'Rebecca Anderson'),
(975, 'Beverly Adams', 'Helen Carpenter', 'jknightr1@wikia.com', 2, 'Benjamin Schmidt', 'Jerry Knight'),
(976, 'Walter Holmes', 'Carl Bishop', 'gcunninghamr2@dailymotion.com', 4, 'Andrew Mitchell', 'Gary Cunningham'),
(977, 'Stephen Russell', 'Sara Long', 'ijenkinsr3@reverbnation.com', 2, 'Nicholas Brown', 'Irene Jenkins'),
(978, 'Wayne Hayes', 'Nicole Cook', 'hlopezr4@ft.com', 1, 'Mark Ortiz', 'Howard Lopez'),
(979, 'Betty Henry', 'Edward Mason', 'lwilsonr5@github.com', 6, 'Elizabeth Mills', 'Lori Wilson'),
(980, 'Carolyn Fields', 'Gary Powell', 'rwalkerr6@freewebs.com', 2, 'Heather Edwards', 'Ryan Walker'),
(981, 'Fred Shaw', 'Louis Evans', 'dfisherr7@lycos.com', 4, 'Willie Wells', 'David Fisher'),
(982, 'Ann Hart', 'Patricia Ramos', 'hjohnsonr8@facebook.com', 2, 'Jack Daniels', 'Heather Johnson'),
(983, 'Kevin Rodriguez', 'Gary Wright', 'gelliottr9@cbc.ca', 2, 'Marie Bryant', 'George Elliott'),
(984, 'Ann Baker', 'Teresa Price', 'asandersra@youtu.be', 6, 'Benjamin Taylor', 'Anna Sanders'),
(985, 'Alan Carr', 'Kenneth Grant', 'tscottrb@state.gov', 4, 'Julia Martin', 'Terry Scott'),
(986, 'Nancy Lewis', 'Deborah Kelly', 'selliottrc@nationalgeographic.com', 3, 'Adam Larson', 'Steven Elliott'),
(987, 'Shawn Weaver', 'Billy Dean', 'hwarrenrd@google.ru', 3, 'Frances Lane', 'Howard Warren'),
(988, 'Henry Torres', 'Evelyn Reynolds', 'dwebbre@hud.gov', 5, 'Julia Hanson', 'Diana Webb'),
(989, 'Larry Webb', 'Andrea Gardner', 'rhamiltonrf@house.gov', 2, 'Christina Gonzalez', 'Richard Hamilton'),
(990, 'Betty Lopez', 'Diana Martinez', 'mjonesrg@nationalgeographic.com', 1, 'Sharon Howell', 'Margaret Jones'),
(991, 'Albert Chavez', 'Thomas Snyder', 'lhallrh@bloglovin.com', 2, 'Wayne Wells', 'Lori Hall'),
(992, 'Richard Smith', 'Ruth Hughes', 'rjacobsri@zimbio.com', 3, 'Joyce Hunt', 'Rose Jacobs'),
(993, 'Lillian Weaver', 'Howard Hicks', 'dhartrj@yahoo.co.jp', 5, 'Douglas Peters', 'Dorothy Hart'),
(994, 'Johnny Fox', 'Eric Perkins', 'kmillsrk@accuweather.com', 3, 'Kimberly Miller', 'Karen Mills'),
(995, 'Norma Olson', 'Rose Perez', 'jbowmanrl@oakley.com', 5, 'Ashley Carroll', 'Jesse Bowman'),
(996, 'Aaron Sims', 'Denise Robertson', 'cbarnesrm@patch.com', 5, 'Anne Andrews', 'Clarence Barnes'),
(997, 'Irene Green', 'Karen Mitchell', 'nmyersrn@reference.com', 1, 'Sandra James', 'Nicholas Myers'),
(998, 'Deborah Ruiz', 'Phyllis Harvey', 'njordanro@wsj.com', 6, 'Gloria Roberts', 'Nancy Jordan'),
(999, 'Lillian Wells', 'Dennis Berry', 'msullivanrp@hao123.com', 4, 'Harold Gray', 'Margaret Sullivan'),
(1000, 'Betty Bowman', 'Kathryn Gomez', 'tbishoprq@macromedia.com', 2, 'Nicholas Fisher', 'Thomas Bishop'),
(1001, 'Shawn Cox', 'Gary Welch', 'twashingtonrr@ask.com', 5, 'Nicholas Barnes', 'Teresa Washington'),
(1002, 'Stairgate', 'Baby', 'White & Blue Stairgate', 3, 'Anon', 'TBD'),
(1003, 'Stairgate', 'Home Safety', 'White & Blue Stairgate', 3, 'Anon', 'TBD');

-- --------------------------------------------------------

--
-- Table structure for table `users`
--

CREATE TABLE `users` (
  `users_ID` int(11) NOT NULL,
  `email` varchar(320) NOT NULL,
  `hashed_password` binary(60) NOT NULL,
  `level` int(1) NOT NULL
) ENGINE=InnoDB DEFAULT CHARSET=latin1;

--
-- Dumping data for table `users`
--

INSERT INTO `users` (`users_ID`, `email`, `hashed_password`, `level`) VALUES
(1, 'danielle@alicecharity.com', 0x243279243130244e536d527434334746683478636870533938755041752e61484f5143657178716a7076795559796461746f4c6d5464686e4f594732, 2),
(2, 'volunteer', 0x243279243130246c47727138506b524c33354d48793353657158646f2e785962386b5558522f754f744162544e6d564b797576586b647a6b72496a71, 1);

--
-- Indexes for dumped tables
--

--
-- Indexes for table `business`
--
ALTER TABLE `business`
  ADD PRIMARY KEY (`business_ID`),
  ADD KEY `city_ID` (`city_ID`,`county_ID`),
  ADD KEY `county_ID` (`county_ID`);

--
-- Indexes for table `city`
--
ALTER TABLE `city`
  ADD PRIMARY KEY (`city_ID`);

--
-- Indexes for table `county`
--
ALTER TABLE `county`
  ADD PRIMARY KEY (`county_ID`);

--
-- Indexes for table `employee`
--
ALTER TABLE `employee`
  ADD PRIMARY KEY (`employee_ID`);

--
-- Indexes for table `event`
--
ALTER TABLE `event`
  ADD PRIMARY KEY (`event_ID`),
  ADD KEY `event_type_ID` (`event_type_ID`,`business_ID`),
  ADD KEY `event_type_ID_2` (`event_type_ID`,`business_ID`),
  ADD KEY `business_ID` (`business_ID`);

--
-- Indexes for table `event_type`
--
ALTER TABLE `event_type`
  ADD PRIMARY KEY (`event_type_ID`),
  ADD KEY `employee_ID` (`employee_ID`);

--
-- Indexes for table `project`
--
ALTER TABLE `project`
  ADD PRIMARY KEY (`project_ID`);

--
-- Indexes for table `stock`
--
ALTER TABLE `stock`
  ADD PRIMARY KEY (`stock_ID`),
  ADD KEY `project_ID` (`project_ID`);

--
-- Indexes for table `users`
--
ALTER TABLE `users`
  ADD PRIMARY KEY (`users_ID`);

--
-- AUTO_INCREMENT for dumped tables
--

--
-- AUTO_INCREMENT for table `business`
--
ALTER TABLE `business`
  MODIFY `business_ID` int(11) NOT NULL AUTO_INCREMENT, AUTO_INCREMENT=9;
--
-- AUTO_INCREMENT for table `city`
--
ALTER TABLE `city`
  MODIFY `city_ID` int(11) NOT NULL AUTO_INCREMENT, AUTO_INCREMENT=21;
--
-- AUTO_INCREMENT for table `county`
--
ALTER TABLE `county`
  MODIFY `county_ID` int(11) NOT NULL AUTO_INCREMENT, AUTO_INCREMENT=2;
--
-- AUTO_INCREMENT for table `employee`
--
ALTER TABLE `employee`
  MODIFY `employee_ID` int(11) NOT NULL AUTO_INCREMENT, AUTO_INCREMENT=11;
--
-- AUTO_INCREMENT for table `event`
--
ALTER TABLE `event`
  MODIFY `event_ID` int(11) NOT NULL AUTO_INCREMENT, AUTO_INCREMENT=5;
--
-- AUTO_INCREMENT for table `event_type`
--
ALTER TABLE `event_type`
  MODIFY `event_type_ID` int(11) NOT NULL AUTO_INCREMENT, AUTO_INCREMENT=4;
--
-- AUTO_INCREMENT for table `project`
--
ALTER TABLE `project`
  MODIFY `project_ID` int(11) NOT NULL AUTO_INCREMENT, AUTO_INCREMENT=10;
--
-- AUTO_INCREMENT for table `stock`
--
ALTER TABLE `stock`
  MODIFY `stock_ID` int(11) NOT NULL AUTO_INCREMENT, AUTO_INCREMENT=1004;
--
-- AUTO_INCREMENT for table `users`
--
ALTER TABLE `users`
  MODIFY `users_ID` int(11) NOT NULL AUTO_INCREMENT, AUTO_INCREMENT=3;
--
-- Constraints for dumped tables
--

--
-- Constraints for table `business`
--
ALTER TABLE `business`
  ADD CONSTRAINT `business_ibfk_1` FOREIGN KEY (`city_ID`) REFERENCES `city` (`city_ID`),
  ADD CONSTRAINT `business_ibfk_2` FOREIGN KEY (`county_ID`) REFERENCES `county` (`county_ID`);

--
-- Constraints for table `event`
--
ALTER TABLE `event`
  ADD CONSTRAINT `event_ibfk_1` FOREIGN KEY (`business_ID`) REFERENCES `business` (`business_ID`),
  ADD CONSTRAINT `event_ibfk_2` FOREIGN KEY (`event_type_ID`) REFERENCES `event_type` (`event_type_ID`);

--
-- Constraints for table `event_type`
--
ALTER TABLE `event_type`
  ADD CONSTRAINT `event_type_ibfk_1` FOREIGN KEY (`employee_ID`) REFERENCES `employee` (`employee_ID`);

--
-- Constraints for table `stock`
--
ALTER TABLE `stock`
  ADD CONSTRAINT `stock_ibfk_1` FOREIGN KEY (`project_ID`) REFERENCES `project` (`project_ID`);

/*!40101 SET CHARACTER_SET_CLIENT=@OLD_CHARACTER_SET_CLIENT */;
/*!40101 SET CHARACTER_SET_RESULTS=@OLD_CHARACTER_SET_RESULTS */;
/*!40101 SET COLLATION_CONNECTION=@OLD_COLLATION_CONNECTION */;
